order_id,product_id,category,price,quantity,order_date,customer_location,seller_id
O00000,P0103,Toys,310.83,7,2020-01-01 00:00:00.000000000,Jakarta,S005
O00001,P0180,Books,435.11,4,2020-01-01 08:46:07.567567567,Bandung,S027
O00002,P0093,Fashion,287.45,3,2020-01-01 17:32:15.135135135,Bandung,S025
O00003,P0015,Fashion,20.04,1,2020-01-02 02:18:22.702702702,Yogyakarta,S008
O00004,P0107,Home,465.82,8,2020-01-02 11:04:30.270270270,Yogyakarta,S001
O00005,P0072,Home,346.32,3,2020-01-02 19:50:37.837837837,Bandung,S020
O00006,P0189,Toys,339.87,2,2020-01-03 04:36:45.405405405,Medan,S044
O00007,P0021,Toys,111.76,4,2020-01-03 13:22:52.972972972,Jakarta,S023
O00008,P0103,Electronics,331.15,3,2020-01-03 22:09:00.540540540,Surabaya,S032
O00009,P0122,Electronics,199.96,1,2020-01-04 06:55:08.108108108,Yogyakarta,S011
O00010,P0075,Toys,327.36,3,2020-01-04 15:41:15.675675675,Surabaya,S039
O00011,P0088,Toys,57.76,2,2020-01-05 00:27:23.243243243,Medan,S047
O00012,P0117,Books,330.63,8,2020-01-05 09:13:30.810810810,Yogyakarta,S024
O00013,P0100,Home,499.71,6,2020-01-05 17:59:38.378378378,Surabaya,S011
O00014,P0104,Electronics,28.86,9,2020-01-06 02:45:45.945945945,Medan,S029
O00015,P0152,Home,488.7,8,2020-01-06 11:31:53.513513513,Jakarta,S026
O00016,P0131,Home,206.42,3,2020-01-06 20:18:01.081081081,Medan,S016
O00017,P0150,Toys,436.02,5,2020-01-07 05:04:08.648648648,Yogyakarta,S035
O00018,P0053,Books,392.28,7,2020-01-07 13:50:16.216216216,Bandung,S020
O00019,P0002,Fashion,285.67,5,2020-01-07 22:36:23.783783783,Jakarta,S046
O00020,P0088,Books,370.53,8,2020-01-08 07:22:31.351351351,Surabaya,S003
O00021,P0158,Books,439.87,5,2020-01-08 16:08:38.918918918,Yogyakarta,S001
O00022,P0038,Home,205.05,1,2020-01-09 00:54:46.486486486,Bandung,S047
O00023,P0130,Books,166.88,5,2020-01-09 09:40:54.054054054,Medan,S001
O00024,P0192,Electronics,335.46,4,2020-01-09 18:27:01.621621621,Bandung,S017
O00025,P0188,Home,404.88,6,2020-01-10 03:13:09.189189189,Yogyakarta,S002
O00026,P0021,Electronics,382.33,3,2020-01-10 11:59:16.756756756,Yogyakarta,S029
O00027,P0161,Fashion,399.92,5,2020-01-10 20:45:24.324324324,Bandung,S020
O00028,P0058,Home,220.61,2,2020-01-11 05:31:31.891891891,Medan,S006
O00029,P0022,Fashion,409.83,6,2020-01-11 14:17:39.459459459,Bandung,S008
O00030,P0089,Home,64.5,6,2020-01-11 23:03:47.027027027,Yogyakarta,S029
O00031,P0049,Toys,274.52,5,2020-01-12 07:49:54.594594594,Yogyakarta,S048
O00032,P0059,Books,7.85,6,2020-01-12 16:36:02.162162162,Surabaya,S033
O00033,P0170,Toys,165.67,7,2020-01-13 01:22:09.729729729,Surabaya,S003
O00034,P0188,Fashion,186.4,5,2020-01-13 10:08:17.297297297,Jakarta,S035
O00035,P0015,Books,201.11,1,2020-01-13 18:54:24.864864864,Yogyakarta,S005
O00036,P0190,Home,349.26,8,2020-01-14 03:40:32.432432432,Surabaya,S027
O00037,P0190,Books,197.34,4,2020-01-14 12:26:40.000000000,Bandung,S044
O00038,P0175,Electronics,227.1,9,2020-01-14 21:12:47.567567567,Medan,S012
O00039,P0190,Books,122.58,6,2020-01-15 05:58:55.135135135,Bandung,S020
O00040,P0051,Electronics,189.76,1,2020-01-15 14:45:02.702702702,Medan,S045
O00041,P0108,Books,117.5,3,2020-01-15 23:31:10.270270270,Surabaya,S020
O00042,P0055,Electronics,41.23,3,2020-01-16 08:17:17.837837837,Jakarta,S009
O00043,P0064,Fashion,303.71,4,2020-01-16 17:03:25.405405405,Bandung,S039
O00044,P0131,Toys,335.77,6,2020-01-17 01:49:32.972972973,Bandung,S004
O00045,P0051,Home,311.65,7,2020-01-17 10:35:40.540540540,Bandung,S019
O00046,P0135,Books,234.43,4,2020-01-17 19:21:48.108108108,Medan,S038
O00047,P0021,Toys,192.99,6,2020-01-18 04:07:55.675675675,Surabaya,S027
O00048,P0073,Home,432.35,1,2020-01-18 12:54:03.243243243,Bandung,S045
O00049,P0167,Home,261.95,8,2020-01-18 21:40:10.810810810,Bandung,S043
O00050,P0018,Electronics,242.2,7,2020-01-19 06:26:18.378378378,Jakarta,S013
O00051,P0132,Fashion,17.69,9,2020-01-19 15:12:25.945945946,Jakarta,S013
O00052,P0089,Fashion,173.92,3,2020-01-19 23:58:33.513513513,Surabaya,S022
O00053,P0060,Toys,193.2,2,2020-01-20 08:44:41.081081081,Surabaya,S028
O00054,P0014,Fashion,202.42,1,2020-01-20 17:30:48.648648648,Yogyakarta,S047
O00055,P0009,Books,292.19,3,2020-01-21 02:16:56.216216216,Jakarta,S045
O00056,P0090,Fashion,269.13,5,2020-01-21 11:03:03.783783783,Yogyakarta,S022
O00057,P0053,Toys,305.91,2,2020-01-21 19:49:11.351351351,Medan,S043
O00058,P0130,Fashion,383.62,3,2020-01-22 04:35:18.918918918,Yogyakarta,S019
O00059,P0084,Books,407.43,4,2020-01-22 13:21:26.486486486,Bandung,S008
O00060,P0092,Electronics,360.47,7,2020-01-22 22:07:34.054054054,Yogyakarta,S008
O00061,P0111,Toys,477.98,3,2020-01-23 06:53:41.621621621,Surabaya,S042
O00062,P0188,Electronics,14.03,9,2020-01-23 15:39:49.189189189,Medan,S026
O00063,P0199,Electronics,101.91,8,2020-01-24 00:25:56.756756756,Bandung,S048
O00064,P0172,Electronics,8.74,4,2020-01-24 09:12:04.324324324,Yogyakarta,S026
O00065,P0008,Home,325.5,1,2020-01-24 17:58:11.891891891,Medan,S023
O00066,P0175,Home,449.53,1,2020-01-25 02:44:19.459459459,Medan,S043
O00067,P0035,Electronics,125.52,1,2020-01-25 11:30:27.027027027,Bandung,S013
O00068,P0081,Toys,463.88,1,2020-01-25 20:16:34.594594594,Yogyakarta,S028
O00069,P0164,Books,34.83,8,2020-01-26 05:02:42.162162162,Medan,S009
O00070,P0050,Books,467.55,3,2020-01-26 13:48:49.729729729,Medan,S020
O00071,P0104,Fashion,179.05,6,2020-01-26 22:34:57.297297297,Jakarta,S019
O00072,P0132,Toys,55.2,3,2020-01-27 07:21:04.864864865,Medan,S048
O00073,P0002,Home,245.51,5,2020-01-27 16:07:12.432432432,Jakarta,S039
O00074,P0134,Electronics,132.1,7,2020-01-28 00:53:20.000000000,Yogyakarta,S012
O00075,P0054,Fashion,146.01,2,2020-01-28 09:39:27.567567567,Yogyakarta,S015
O00076,P0106,Books,157.11,6,2020-01-28 18:25:35.135135135,Yogyakarta,S031
O00077,P0004,Home,402.5,6,2020-01-29 03:11:42.702702702,Surabaya,S014
O00078,P0054,Home,271.88,3,2020-01-29 11:57:50.270270270,Yogyakarta,S011
O00079,P0191,Electronics,159.1,6,2020-01-29 20:43:57.837837837,Medan,S026
O00080,P0146,Books,307.12,5,2020-01-30 05:30:05.405405405,Bandung,S042
O00081,P0044,Toys,359.49,2,2020-01-30 14:16:12.972972973,Jakarta,S027
O00082,P0162,Home,139.95,9,2020-01-30 23:02:20.540540540,Surabaya,S011
O00083,P0190,Electronics,209.71,8,2020-01-31 07:48:28.108108108,Yogyakarta,S038
O00084,P0014,Toys,65.33,3,2020-01-31 16:34:35.675675675,Yogyakarta,S034
O00085,P0095,Books,94.67,8,2020-02-01 01:20:43.243243243,Bandung,S043
O00086,P0048,Home,342.15,9,2020-02-01 10:06:50.810810810,Bandung,S019
O00087,P0015,Toys,94.81,3,2020-02-01 18:52:58.378378378,Surabaya,S006
O00088,P0190,Toys,264.96,3,2020-02-02 03:39:05.945945946,Jakarta,S046
O00089,P0040,Toys,355.98,2,2020-02-02 12:25:13.513513513,Yogyakarta,S038
O00090,P0082,Home,57.9,8,2020-02-02 21:11:21.081081081,Surabaya,S049
O00091,P0111,Home,285.82,1,2020-02-03 05:57:28.648648648,Medan,S042
O00092,P0053,Fashion,132.0,8,2020-02-03 14:43:36.216216216,Medan,S028
O00093,P0024,Books,481.65,7,2020-02-03 23:29:43.783783783,Surabaya,S001
O00094,P0154,Electronics,244.36,7,2020-02-04 08:15:51.351351351,Yogyakarta,S035
O00095,P0188,Toys,403.97,3,2020-02-04 17:01:58.918918919,Surabaya,S040
O00096,P0124,Fashion,277.36,1,2020-02-05 01:48:06.486486486,Yogyakarta,S008
O00097,P0041,Electronics,26.49,4,2020-02-05 10:34:14.054054054,Bandung,S047
O00098,P0157,Fashion,318.41,9,2020-02-05 19:20:21.621621621,Surabaya,S007
O00099,P0015,Home,475.94,5,2020-02-06 04:06:29.189189189,Yogyakarta,S011
O00100,P0045,Toys,302.8,1,2020-02-06 12:52:36.756756756,Surabaya,S039
O00101,P0065,Electronics,410.5,5,2020-02-06 21:38:44.324324324,Surabaya,S004
O00102,P0089,Electronics,442.68,8,2020-02-07 06:24:51.891891892,Yogyakarta,S025
O00103,P0071,Electronics,117.9,8,2020-02-07 15:10:59.459459459,Yogyakarta,S012
O00104,P0009,Electronics,109.96,5,2020-02-07 23:57:07.027027027,Jakarta,S026
O00105,P0088,Electronics,307.44,9,2020-02-08 08:43:14.594594594,Surabaya,S038
O00106,P0129,Fashion,208.46,1,2020-02-08 17:29:22.162162162,Medan,S046
O00107,P0136,Toys,420.73,4,2020-02-09 02:15:29.729729729,Surabaya,S012
O00108,P0063,Home,450.51,3,2020-02-09 11:01:37.297297297,Surabaya,S043
O00109,P0139,Home,179.94,2,2020-02-09 19:47:44.864864864,Yogyakarta,S037
O00110,P0081,Home,122.25,8,2020-02-10 04:33:52.432432432,Surabaya,S046
O00111,P0136,Home,391.36,7,2020-02-10 13:20:00.000000000,Surabaya,S024
O00112,P0163,Fashion,141.03,9,2020-02-10 22:06:07.567567567,Medan,S016
O00113,P0163,Books,412.19,2,2020-02-11 06:52:15.135135135,Yogyakarta,S013
O00114,P0033,Toys,214.75,4,2020-02-11 15:38:22.702702702,Surabaya,S025
O00115,P0123,Electronics,335.44,6,2020-02-12 00:24:30.270270270,Bandung,S004
O00116,P0005,Books,52.29,3,2020-02-12 09:10:37.837837837,Jakarta,S011
O00117,P0041,Home,313.81,8,2020-02-12 17:56:45.405405405,Medan,S032
O00118,P0028,Books,228.63,3,2020-02-13 02:42:52.972972973,Surabaya,S049
O00119,P0135,Toys,295.37,2,2020-02-13 11:29:00.540540540,Bandung,S007
O00120,P0072,Electronics,88.17,3,2020-02-13 20:15:08.108108108,Surabaya,S046
O00121,P0012,Electronics,369.75,6,2020-02-14 05:01:15.675675675,Surabaya,S011
O00122,P0162,Toys,432.08,2,2020-02-14 13:47:23.243243243,Yogyakarta,S028
O00123,P0033,Toys,112.29,8,2020-02-14 22:33:30.810810810,Yogyakarta,S041
O00124,P0048,Home,52.38,1,2020-02-15 07:19:38.378378378,Yogyakarta,S023
O00125,P0151,Electronics,16.7,7,2020-02-15 16:05:45.945945946,Bandung,S045
O00126,P0062,Books,322.78,2,2020-02-16 00:51:53.513513513,Surabaya,S023
O00127,P0037,Fashion,305.51,6,2020-02-16 09:38:01.081081081,Jakarta,S028
O00128,P0099,Fashion,275.62,2,2020-02-16 18:24:08.648648648,Medan,S043
O00129,P0172,Toys,119.81,2,2020-02-17 03:10:16.216216216,Yogyakarta,S047
O00130,P0104,Home,198.5,8,2020-02-17 11:56:23.783783783,Yogyakarta,S026
O00131,P0035,Fashion,299.27,2,2020-02-17 20:42:31.351351351,Surabaya,S025
O00132,P0193,Electronics,250.9,7,2020-02-18 05:28:38.918918919,Surabaya,S029
O00133,P0101,Toys,493.95,3,2020-02-18 14:14:46.486486486,Bandung,S019
O00134,P0175,Books,72.54,8,2020-02-18 23:00:54.054054054,Bandung,S033
O00135,P0131,Toys,349.1,7,2020-02-19 07:47:01.621621621,Yogyakarta,S036
O00136,P0001,Books,205.14,8,2020-02-19 16:33:09.189189189,Surabaya,S014
O00137,P0005,Toys,216.96,7,2020-02-20 01:19:16.756756756,Jakarta,S014
O00138,P0142,Toys,360.21,6,2020-02-20 10:05:24.324324324,Medan,S035
O00139,P0103,Toys,347.76,7,2020-02-20 18:51:31.891891891,Surabaya,S030
O00140,P0027,Books,495.67,5,2020-02-21 03:37:39.459459459,Surabaya,S028
O00141,P0137,Books,68.56,7,2020-02-21 12:23:47.027027027,Bandung,S017
O00142,P0015,Toys,56.53,1,2020-02-21 21:09:54.594594594,Medan,S003
O00143,P0090,Fashion,363.55,1,2020-02-22 05:56:02.162162162,Yogyakarta,S016
O00144,P0042,Home,291.3,9,2020-02-22 14:42:09.729729730,Surabaya,S046
O00145,P0124,Home,140.71,5,2020-02-22 23:28:17.297297297,Yogyakarta,S030
O00146,P0179,Home,44.31,5,2020-02-23 08:14:24.864864865,Surabaya,S029
O00147,P0063,Books,47.4,3,2020-02-23 17:00:32.432432432,Yogyakarta,S045
O00148,P0096,Books,447.62,5,2020-02-24 01:46:40.000000000,Medan,S015
O00149,P0052,Fashion,99.97,3,2020-02-24 10:32:47.567567567,Bandung,S046
O00150,P0096,Home,165.07,9,2020-02-24 19:18:55.135135135,Medan,S025
O00151,P0132,Home,117.19,9,2020-02-25 04:05:02.702702703,Jakarta,S038
O00152,P0151,Toys,180.72,6,2020-02-25 12:51:10.270270270,Bandung,S042
O00153,P0143,Books,39.36,1,2020-02-25 21:37:17.837837838,Medan,S047
O00154,P0171,Home,261.93,7,2020-02-26 06:23:25.405405405,Jakarta,S038
O00155,P0029,Fashion,38.47,7,2020-02-26 15:09:32.972972973,Surabaya,S023
O00156,P0036,Fashion,401.18,4,2020-02-26 23:55:40.540540540,Surabaya,S025
O00157,P0013,Home,120.69,8,2020-02-27 08:41:48.108108108,Yogyakarta,S042
O00158,P0160,Books,272.31,6,2020-02-27 17:27:55.675675675,Bandung,S007
O00159,P0071,Fashion,440.64,4,2020-02-28 02:14:03.243243243,Surabaya,S022
O00160,P0187,Toys,327.18,4,2020-02-28 11:00:10.810810811,Bandung,S017
O00161,P0086,Fashion,268.81,2,2020-02-28 19:46:18.378378378,Surabaya,S018
O00162,P0028,Electronics,165.55,2,2020-02-29 04:32:25.945945946,Yogyakarta,S049
O00163,P0066,Electronics,169.84,4,2020-02-29 13:18:33.513513513,Medan,S041
O00164,P0170,Books,336.4,5,2020-02-29 22:04:41.081081081,Yogyakarta,S010
O00165,P0045,Home,497.1,8,2020-03-01 06:50:48.648648648,Jakarta,S010
O00166,P0062,Books,332.61,6,2020-03-01 15:36:56.216216216,Surabaya,S007
O00167,P0185,Books,281.1,4,2020-03-02 00:23:03.783783784,Jakarta,S048
O00168,P0134,Books,366.67,7,2020-03-02 09:09:11.351351351,Jakarta,S038
O00169,P0028,Books,235.28,8,2020-03-02 17:55:18.918918919,Bandung,S027
O00170,P0028,Toys,34.77,2,2020-03-03 02:41:26.486486486,Surabaya,S033
O00171,P0108,Toys,283.34,7,2020-03-03 11:27:34.054054054,Jakarta,S001
O00172,P0044,Fashion,479.02,2,2020-03-03 20:13:41.621621621,Medan,S044
O00173,P0084,Electronics,91.77,2,2020-03-04 04:59:49.189189189,Jakarta,S034
O00174,P0030,Books,346.55,8,2020-03-04 13:45:56.756756757,Medan,S004
O00175,P0190,Fashion,104.46,2,2020-03-04 22:32:04.324324324,Bandung,S017
O00176,P0075,Electronics,270.23,9,2020-03-05 07:18:11.891891892,Jakarta,S004
O00177,P0128,Home,52.85,1,2020-03-05 16:04:19.459459459,Yogyakarta,S043
O00178,P0092,Toys,227.93,9,2020-03-06 00:50:27.027027027,Bandung,S026
O00179,P0190,Electronics,379.3,1,2020-03-06 09:36:34.594594594,Medan,S004
O00180,P0129,Home,177.05,2,2020-03-06 18:22:42.162162162,Bandung,S001
O00181,P0121,Electronics,334.13,6,2020-03-07 03:08:49.729729730,Jakarta,S007
O00182,P0027,Toys,398.75,6,2020-03-07 11:54:57.297297297,Surabaya,S030
O00183,P0190,Toys,463.95,1,2020-03-07 20:41:04.864864865,Surabaya,S009
O00184,P0121,Fashion,121.15,7,2020-03-08 05:27:12.432432432,Medan,S035
O00185,P0116,Books,202.66,8,2020-03-08 14:13:20.000000000,Medan,S008
O00186,P0003,Electronics,80.45,2,2020-03-08 22:59:27.567567567,Surabaya,S024
O00187,P0103,Electronics,496.28,8,2020-03-09 07:45:35.135135135,Medan,S019
O00188,P0198,Home,463.87,9,2020-03-09 16:31:42.702702702,Bandung,S036
O00189,P0155,Toys,272.28,6,2020-03-10 01:17:50.270270270,Yogyakarta,S043
O00190,P0137,Electronics,421.81,5,2020-03-10 10:03:57.837837838,Yogyakarta,S027
O00191,P0062,Toys,262.87,9,2020-03-10 18:50:05.405405405,Bandung,S032
O00192,P0165,Electronics,313.67,9,2020-03-11 03:36:12.972972973,Yogyakarta,S014
O00193,P0051,Fashion,49.12,1,2020-03-11 12:22:20.540540540,Jakarta,S018
O00194,P0172,Books,378.86,3,2020-03-11 21:08:28.108108108,Bandung,S028
O00195,P0152,Electronics,68.22,9,2020-03-12 05:54:35.675675675,Medan,S029
O00196,P0059,Toys,413.9,2,2020-03-12 14:40:43.243243243,Bandung,S016
O00197,P0118,Fashion,392.1,4,2020-03-12 23:26:50.810810811,Surabaya,S035
O00198,P0160,Electronics,355.83,4,2020-03-13 08:12:58.378378378,Medan,S047
O00199,P0096,Home,22.9,2,2020-03-13 16:59:05.945945946,Surabaya,S031
O00200,P0180,Books,155.05,3,2020-03-14 01:45:13.513513513,Medan,S004
O00201,P0113,Electronics,135.24,3,2020-03-14 10:31:21.081081081,Yogyakarta,S037
O00202,P0062,Fashion,183.27,1,2020-03-14 19:17:28.648648648,Bandung,S017
O00203,P0186,Home,48.38,6,2020-03-15 04:03:36.216216216,Jakarta,S039
O00204,P0052,Fashion,468.79,8,2020-03-15 12:49:43.783783784,Medan,S048
O00205,P0012,Fashion,279.13,3,2020-03-15 21:35:51.351351351,Medan,S046
O00206,P0039,Home,156.23,5,2020-03-16 06:21:58.918918919,Surabaya,S026
O00207,P0130,Fashion,201.51,1,2020-03-16 15:08:06.486486486,Yogyakarta,S048
O00208,P0131,Home,226.37,7,2020-03-16 23:54:14.054054054,Surabaya,S039
O00209,P0113,Electronics,302.29,1,2020-03-17 08:40:21.621621621,Surabaya,S041
O00210,P0101,Home,260.26,9,2020-03-17 17:26:29.189189189,Yogyakarta,S004
O00211,P0113,Home,460.1,8,2020-03-18 02:12:36.756756757,Jakarta,S030
O00212,P0184,Books,251.0,7,2020-03-18 10:58:44.324324324,Surabaya,S030
O00213,P0081,Home,496.12,7,2020-03-18 19:44:51.891891892,Surabaya,S022
O00214,P0187,Home,426.46,5,2020-03-19 04:30:59.459459459,Medan,S011
O00215,P0113,Electronics,108.21,5,2020-03-19 13:17:07.027027027,Yogyakarta,S002
O00216,P0002,Books,465.64,5,2020-03-19 22:03:14.594594594,Bandung,S044
O00217,P0130,Toys,62.6,1,2020-03-20 06:49:22.162162162,Jakarta,S012
O00218,P0054,Electronics,409.64,8,2020-03-20 15:35:29.729729729,Jakarta,S030
O00219,P0087,Electronics,193.41,1,2020-03-21 00:21:37.297297297,Yogyakarta,S036
O00220,P0129,Toys,439.6,4,2020-03-21 09:07:44.864864865,Medan,S018
O00221,P0147,Home,434.69,9,2020-03-21 17:53:52.432432432,Medan,S026
O00222,P0126,Fashion,403.93,9,2020-03-22 02:40:00.000000000,Yogyakarta,S007
O00223,P0130,Books,396.07,5,2020-03-22 11:26:07.567567567,Medan,S001
O00224,P0053,Fashion,155.82,4,2020-03-22 20:12:15.135135135,Jakarta,S026
O00225,P0172,Toys,45.06,3,2020-03-23 04:58:22.702702702,Jakarta,S023
O00226,P0160,Electronics,204.48,3,2020-03-23 13:44:30.270270270,Bandung,S026
O00227,P0198,Electronics,90.89,5,2020-03-23 22:30:37.837837838,Yogyakarta,S045
O00228,P0160,Books,349.0,1,2020-03-24 07:16:45.405405405,Surabaya,S006
O00229,P0068,Electronics,176.32,5,2020-03-24 16:02:52.972972973,Surabaya,S006
O00230,P0183,Electronics,487.93,6,2020-03-25 00:49:00.540540540,Bandung,S044
O00231,P0184,Books,322.28,7,2020-03-25 09:35:08.108108108,Bandung,S008
O00232,P0123,Books,412.13,9,2020-03-25 18:21:15.675675675,Medan,S024
O00233,P0145,Toys,70.6,3,2020-03-26 03:07:23.243243243,Bandung,S022
O00234,P0038,Electronics,431.7,2,2020-03-26 11:53:30.810810811,Bandung,S019
O00235,P0024,Electronics,461.76,3,2020-03-26 20:39:38.378378378,Surabaya,S037
O00236,P0069,Toys,246.1,9,2020-03-27 05:25:45.945945946,Medan,S018
O00237,P0116,Home,305.1,7,2020-03-27 14:11:53.513513513,Bandung,S031
O00238,P0098,Home,383.58,9,2020-03-27 22:58:01.081081081,Bandung,S037
O00239,P0198,Home,91.55,2,2020-03-28 07:44:08.648648648,Medan,S030
O00240,P0139,Toys,253.77,5,2020-03-28 16:30:16.216216216,Yogyakarta,S042
O00241,P0144,Electronics,202.34,4,2020-03-29 01:16:23.783783784,Medan,S033
O00242,P0097,Toys,77.46,2,2020-03-29 10:02:31.351351351,Surabaya,S010
O00243,P0124,Toys,186.93,9,2020-03-29 18:48:38.918918919,Yogyakarta,S037
O00244,P0187,Home,38.75,9,2020-03-30 03:34:46.486486486,Jakarta,S012
O00245,P0070,Fashion,17.78,6,2020-03-30 12:20:54.054054054,Medan,S030
O00246,P0093,Electronics,71.91,6,2020-03-30 21:07:01.621621621,Surabaya,S027
O00247,P0003,Home,481.74,8,2020-03-31 05:53:09.189189189,Yogyakarta,S039
O00248,P0148,Fashion,277.02,6,2020-03-31 14:39:16.756756756,Medan,S009
O00249,P0187,Fashion,483.08,1,2020-03-31 23:25:24.324324324,Bandung,S021
O00250,P0164,Books,219.09,4,2020-04-01 08:11:31.891891892,Medan,S012
O00251,P0147,Electronics,159.35,7,2020-04-01 16:57:39.459459459,Jakarta,S029
O00252,P0090,Fashion,255.54,2,2020-04-02 01:43:47.027027027,Medan,S033
O00253,P0195,Home,222.56,9,2020-04-02 10:29:54.594594594,Yogyakarta,S043
O00254,P0147,Books,57.3,8,2020-04-02 19:16:02.162162162,Yogyakarta,S015
O00255,P0148,Electronics,322.21,8,2020-04-03 04:02:09.729729729,Medan,S002
O00256,P0096,Toys,111.94,7,2020-04-03 12:48:17.297297297,Yogyakarta,S039
O00257,P0199,Home,311.7,4,2020-04-03 21:34:24.864864865,Bandung,S044
O00258,P0052,Fashion,326.85,2,2020-04-04 06:20:32.432432432,Medan,S018
O00259,P0161,Fashion,80.25,3,2020-04-04 15:06:40.000000000,Bandung,S003
O00260,P0168,Home,35.37,6,2020-04-04 23:52:47.567567567,Bandung,S007
O00261,P0128,Fashion,391.48,5,2020-04-05 08:38:55.135135135,Surabaya,S043
O00262,P0039,Books,232.6,8,2020-04-05 17:25:02.702702702,Medan,S018
O00263,P0082,Electronics,33.79,6,2020-04-06 02:11:10.270270270,Yogyakarta,S044
O00264,P0104,Books,497.46,6,2020-04-06 10:57:17.837837838,Bandung,S038
O00265,P0129,Fashion,33.6,1,2020-04-06 19:43:25.405405405,Surabaya,S037
O00266,P0011,Toys,349.04,4,2020-04-07 04:29:32.972972973,Medan,S033
O00267,P0185,Electronics,491.92,5,2020-04-07 13:15:40.540540540,Medan,S044
O00268,P0178,Electronics,123.39,3,2020-04-07 22:01:48.108108108,Jakarta,S031
O00269,P0151,Home,75.41,9,2020-04-08 06:47:55.675675675,Jakarta,S011
O00270,P0159,Home,65.09,1,2020-04-08 15:34:03.243243243,Bandung,S004
O00271,P0042,Toys,155.12,6,2020-04-09 00:20:10.810810810,Jakarta,S018
O00272,P0099,Electronics,55.02,6,2020-04-09 09:06:18.378378378,Bandung,S004
O00273,P0007,Toys,347.62,5,2020-04-09 17:52:25.945945946,Yogyakarta,S049
O00274,P0144,Home,35.83,5,2020-04-10 02:38:33.513513513,Bandung,S034
O00275,P0090,Home,257.16,5,2020-04-10 11:24:41.081081081,Jakarta,S029
O00276,P0112,Electronics,498.36,6,2020-04-10 20:10:48.648648648,Yogyakarta,S024
O00277,P0060,Books,407.92,8,2020-04-11 04:56:56.216216216,Jakarta,S022
O00278,P0113,Fashion,309.53,2,2020-04-11 13:43:03.783783783,Bandung,S002
O00279,P0002,Home,156.6,6,2020-04-11 22:29:11.351351351,Surabaya,S044
O00280,P0129,Home,313.83,1,2020-04-12 07:15:18.918918919,Medan,S006
O00281,P0048,Books,265.89,4,2020-04-12 16:01:26.486486486,Jakarta,S042
O00282,P0140,Books,215.91,3,2020-04-13 00:47:34.054054054,Bandung,S025
O00283,P0197,Toys,69.7,9,2020-04-13 09:33:41.621621621,Yogyakarta,S021
O00284,P0037,Toys,443.87,3,2020-04-13 18:19:49.189189189,Jakarta,S016
O00285,P0160,Fashion,227.64,6,2020-04-14 03:05:56.756756756,Jakarta,S031
O00286,P0009,Fashion,101.34,1,2020-04-14 11:52:04.324324324,Medan,S014
O00287,P0099,Electronics,187.04,6,2020-04-14 20:38:11.891891892,Bandung,S039
O00288,P0147,Toys,209.99,4,2020-04-15 05:24:19.459459460,Surabaya,S028
O00289,P0048,Home,414.63,8,2020-04-15 14:10:27.027027026,Yogyakarta,S032
O00290,P0131,Toys,368.14,9,2020-04-15 22:56:34.594594594,Bandung,S028
O00291,P0148,Home,385.81,4,2020-04-16 07:42:42.162162162,Yogyakarta,S049
O00292,P0152,Books,10.46,6,2020-04-16 16:28:49.729729730,Jakarta,S009
O00293,P0054,Toys,211.0,1,2020-04-17 01:14:57.297297296,Medan,S045
O00294,P0120,Books,243.27,4,2020-04-17 10:01:04.864864864,Medan,S022
O00295,P0161,Fashion,14.5,7,2020-04-17 18:47:12.432432432,Surabaya,S032
O00296,P0152,Fashion,133.61,1,2020-04-18 03:33:20.000000000,Medan,S005
O00297,P0116,Electronics,381.34,8,2020-04-18 12:19:27.567567568,Jakarta,S023
O00298,P0075,Toys,72.87,6,2020-04-18 21:05:35.135135134,Surabaya,S005
O00299,P0113,Books,269.98,5,2020-04-19 05:51:42.702702702,Bandung,S042
O00300,P0164,Home,111.52,9,2020-04-19 14:37:50.270270270,Medan,S032
O00301,P0166,Fashion,11.0,2,2020-04-19 23:23:57.837837838,Surabaya,S010
O00302,P0104,Fashion,124.39,5,2020-04-20 08:10:05.405405406,Jakarta,S039
O00303,P0084,Home,488.06,6,2020-04-20 16:56:12.972972972,Yogyakarta,S015
O00304,P0112,Books,401.76,7,2020-04-21 01:42:20.540540540,Yogyakarta,S007
O00305,P0099,Books,479.99,5,2020-04-21 10:28:28.108108108,Jakarta,S029
O00306,P0153,Toys,246.49,9,2020-04-21 19:14:35.675675676,Jakarta,S047
O00307,P0093,Toys,59.32,1,2020-04-22 04:00:43.243243242,Yogyakarta,S003
O00308,P0146,Electronics,276.24,7,2020-04-22 12:46:50.810810810,Surabaya,S019
O00309,P0128,Fashion,229.92,7,2020-04-22 21:32:58.378378378,Yogyakarta,S010
O00310,P0110,Toys,422.96,4,2020-04-23 06:19:05.945945946,Jakarta,S028
O00311,P0082,Books,53.55,9,2020-04-23 15:05:13.513513514,Medan,S029
O00312,P0194,Home,246.68,5,2020-04-23 23:51:21.081081080,Bandung,S015
O00313,P0054,Books,79.27,4,2020-04-24 08:37:28.648648648,Medan,S035
O00314,P0163,Fashion,165.71,7,2020-04-24 17:23:36.216216216,Medan,S006
O00315,P0189,Books,369.99,4,2020-04-25 02:09:43.783783784,Jakarta,S012
O00316,P0169,Electronics,240.63,3,2020-04-25 10:55:51.351351350,Yogyakarta,S047
O00317,P0161,Fashion,191.06,9,2020-04-25 19:41:58.918918918,Surabaya,S038
O00318,P0068,Home,200.27,8,2020-04-26 04:28:06.486486486,Medan,S013
O00319,P0033,Electronics,232.43,1,2020-04-26 13:14:14.054054054,Yogyakarta,S029
O00320,P0142,Fashion,393.58,7,2020-04-26 22:00:21.621621622,Surabaya,S019
O00321,P0021,Home,446.58,9,2020-04-27 06:46:29.189189188,Medan,S003
O00322,P0048,Electronics,477.89,8,2020-04-27 15:32:36.756756756,Surabaya,S008
O00323,P0148,Electronics,394.52,8,2020-04-28 00:18:44.324324324,Yogyakarta,S008
O00324,P0128,Fashion,161.13,6,2020-04-28 09:04:51.891891892,Bandung,S020
O00325,P0136,Toys,345.63,4,2020-04-28 17:50:59.459459460,Yogyakarta,S047
O00326,P0135,Electronics,221.61,8,2020-04-29 02:37:07.027027026,Jakarta,S004
O00327,P0195,Electronics,131.06,3,2020-04-29 11:23:14.594594594,Surabaya,S021
O00328,P0145,Home,421.23,9,2020-04-29 20:09:22.162162162,Bandung,S003
O00329,P0128,Books,24.02,2,2020-04-30 04:55:29.729729730,Surabaya,S045
O00330,P0033,Fashion,451.37,2,2020-04-30 13:41:37.297297296,Surabaya,S008
O00331,P0176,Fashion,233.43,7,2020-04-30 22:27:44.864864864,Medan,S023
O00332,P0187,Toys,320.41,4,2020-05-01 07:13:52.432432432,Jakarta,S016
O00333,P0115,Toys,331.38,8,2020-05-01 16:00:00.000000000,Surabaya,S013
O00334,P0119,Fashion,448.08,9,2020-05-02 00:46:07.567567568,Yogyakarta,S003
O00335,P0022,Toys,320.15,7,2020-05-02 09:32:15.135135134,Yogyakarta,S048
O00336,P0158,Home,308.9,5,2020-05-02 18:18:22.702702702,Medan,S009
O00337,P0038,Fashion,37.99,8,2020-05-03 03:04:30.270270270,Jakarta,S014
O00338,P0109,Toys,261.61,4,2020-05-03 11:50:37.837837838,Jakarta,S013
O00339,P0051,Fashion,79.33,2,2020-05-03 20:36:45.405405406,Yogyakarta,S007
O00340,P0182,Books,370.03,6,2020-05-04 05:22:52.972972972,Bandung,S015
O00341,P0008,Electronics,258.55,9,2020-05-04 14:09:00.540540540,Medan,S007
O00342,P0027,Fashion,341.71,1,2020-05-04 22:55:08.108108108,Medan,S038
O00343,P0027,Electronics,25.63,7,2020-05-05 07:41:15.675675676,Yogyakarta,S034
O00344,P0021,Toys,46.97,9,2020-05-05 16:27:23.243243242,Yogyakarta,S041
O00345,P0030,Electronics,359.58,9,2020-05-06 01:13:30.810810810,Bandung,S022
O00346,P0097,Fashion,40.68,3,2020-05-06 09:59:38.378378378,Bandung,S024
O00347,P0028,Books,40.27,5,2020-05-06 18:45:45.945945946,Jakarta,S049
O00348,P0111,Toys,10.99,8,2020-05-07 03:31:53.513513514,Medan,S037
O00349,P0192,Fashion,478.47,8,2020-05-07 12:18:01.081081080,Medan,S044
O00350,P0197,Toys,370.07,4,2020-05-07 21:04:08.648648648,Yogyakarta,S001
O00351,P0061,Home,179.86,1,2020-05-08 05:50:16.216216216,Jakarta,S010
O00352,P0048,Electronics,151.79,1,2020-05-08 14:36:23.783783784,Medan,S043
O00353,P0147,Home,178.1,4,2020-05-08 23:22:31.351351350,Jakarta,S016
O00354,P0004,Fashion,388.45,6,2020-05-09 08:08:38.918918918,Jakarta,S046
O00355,P0035,Books,332.38,8,2020-05-09 16:54:46.486486486,Yogyakarta,S008
O00356,P0192,Toys,96.67,6,2020-05-10 01:40:54.054054054,Jakarta,S049
O00357,P0049,Electronics,91.18,9,2020-05-10 10:27:01.621621622,Bandung,S025
O00358,P0017,Toys,53.71,9,2020-05-10 19:13:09.189189188,Bandung,S012
O00359,P0172,Fashion,331.85,2,2020-05-11 03:59:16.756756756,Surabaya,S025
O00360,P0158,Toys,383.36,1,2020-05-11 12:45:24.324324324,Yogyakarta,S017
O00361,P0046,Electronics,136.2,2,2020-05-11 21:31:31.891891892,Surabaya,S026
O00362,P0117,Fashion,15.37,5,2020-05-12 06:17:39.459459460,Bandung,S046
O00363,P0006,Toys,45.67,4,2020-05-12 15:03:47.027027026,Surabaya,S048
O00364,P0099,Books,484.09,4,2020-05-12 23:49:54.594594594,Yogyakarta,S014
O00365,P0124,Fashion,151.25,9,2020-05-13 08:36:02.162162162,Yogyakarta,S041
O00366,P0037,Fashion,385.77,8,2020-05-13 17:22:09.729729730,Jakarta,S036
O00367,P0024,Books,314.21,6,2020-05-14 02:08:17.297297296,Medan,S023
O00368,P0093,Home,194.06,1,2020-05-14 10:54:24.864864864,Jakarta,S043
O00369,P0046,Electronics,106.82,2,2020-05-14 19:40:32.432432432,Yogyakarta,S006
O00370,P0181,Home,65.09,6,2020-05-15 04:26:40.000000000,Bandung,S047
O00371,P0095,Toys,309.43,2,2020-05-15 13:12:47.567567568,Bandung,S005
O00372,P0099,Books,388.44,5,2020-05-15 21:58:55.135135134,Jakarta,S043
O00373,P0188,Home,323.73,5,2020-05-16 06:45:02.702702702,Yogyakarta,S025
O00374,P0116,Fashion,267.5,6,2020-05-16 15:31:10.270270270,Bandung,S018
O00375,P0191,Toys,25.77,6,2020-05-17 00:17:17.837837838,Yogyakarta,S013
O00376,P0160,Toys,484.4,6,2020-05-17 09:03:25.405405404,Bandung,S043
O00377,P0161,Home,400.36,2,2020-05-17 17:49:32.972972972,Yogyakarta,S014
O00378,P0067,Home,149.95,3,2020-05-18 02:35:40.540540540,Surabaya,S028
O00379,P0128,Books,490.09,6,2020-05-18 11:21:48.108108108,Yogyakarta,S018
O00380,P0018,Electronics,302.93,8,2020-05-18 20:07:55.675675676,Yogyakarta,S028
O00381,P0025,Home,293.3,1,2020-05-19 04:54:03.243243242,Jakarta,S027
O00382,P0054,Home,375.3,1,2020-05-19 13:40:10.810810810,Surabaya,S032
O00383,P0058,Fashion,406.83,2,2020-05-19 22:26:18.378378378,Medan,S047
O00384,P0067,Toys,329.96,6,2020-05-20 07:12:25.945945946,Jakarta,S009
O00385,P0104,Electronics,68.41,9,2020-05-20 15:58:33.513513514,Medan,S040
O00386,P0174,Fashion,172.44,4,2020-05-21 00:44:41.081081080,Bandung,S032
O00387,P0024,Books,464.4,3,2020-05-21 09:30:48.648648648,Medan,S020
O00388,P0114,Books,116.18,8,2020-05-21 18:16:56.216216216,Yogyakarta,S028
O00389,P0032,Home,189.22,9,2020-05-22 03:03:03.783783784,Medan,S033
O00390,P0175,Home,218.88,5,2020-05-22 11:49:11.351351350,Jakarta,S004
O00391,P0086,Books,222.51,9,2020-05-22 20:35:18.918918918,Jakarta,S046
O00392,P0151,Home,308.41,2,2020-05-23 05:21:26.486486486,Medan,S034
O00393,P0194,Electronics,471.82,3,2020-05-23 14:07:34.054054054,Jakarta,S048
O00394,P0127,Home,124.14,7,2020-05-23 22:53:41.621621622,Jakarta,S003
O00395,P0155,Toys,65.14,7,2020-05-24 07:39:49.189189188,Medan,S026
O00396,P0130,Home,102.75,6,2020-05-24 16:25:56.756756756,Surabaya,S008
O00397,P0017,Fashion,444.03,6,2020-05-25 01:12:04.324324324,Surabaya,S006
O00398,P0104,Electronics,324.68,2,2020-05-25 09:58:11.891891892,Bandung,S016
O00399,P0161,Fashion,146.52,6,2020-05-25 18:44:19.459459458,Jakarta,S024
O00400,P0137,Fashion,408.89,4,2020-05-26 03:30:27.027027026,Medan,S048
O00401,P0043,Toys,431.38,3,2020-05-26 12:16:34.594594594,Jakarta,S039
O00402,P0176,Electronics,424.02,2,2020-05-26 21:02:42.162162162,Yogyakarta,S030
O00403,P0039,Electronics,459.87,1,2020-05-27 05:48:49.729729730,Jakarta,S045
O00404,P0170,Electronics,129.86,5,2020-05-27 14:34:57.297297296,Jakarta,S013
O00405,P0026,Electronics,378.75,2,2020-05-27 23:21:04.864864864,Surabaya,S005
O00406,P0099,Electronics,232.97,2,2020-05-28 08:07:12.432432432,Medan,S025
O00407,P0050,Toys,421.79,7,2020-05-28 16:53:20.000000000,Jakarta,S020
O00408,P0153,Home,365.6,8,2020-05-29 01:39:27.567567568,Surabaya,S018
O00409,P0152,Fashion,389.34,8,2020-05-29 10:25:35.135135134,Bandung,S047
O00410,P0013,Electronics,329.8,4,2020-05-29 19:11:42.702702702,Surabaya,S018
O00411,P0060,Home,92.83,1,2020-05-30 03:57:50.270270270,Surabaya,S002
O00412,P0135,Home,274.79,7,2020-05-30 12:43:57.837837838,Surabaya,S010
O00413,P0057,Fashion,492.41,1,2020-05-30 21:30:05.405405404,Jakarta,S045
O00414,P0036,Toys,469.01,4,2020-05-31 06:16:12.972972972,Jakarta,S047
O00415,P0173,Books,26.37,8,2020-05-31 15:02:20.540540540,Bandung,S012
O00416,P0020,Books,86.58,2,2020-05-31 23:48:28.108108108,Yogyakarta,S047
O00417,P0065,Home,70.21,6,2020-06-01 08:34:35.675675676,Yogyakarta,S013
O00418,P0008,Fashion,364.36,6,2020-06-01 17:20:43.243243242,Yogyakarta,S047
O00419,P0144,Books,409.8,9,2020-06-02 02:06:50.810810810,Bandung,S011
O00420,P0142,Home,110.69,5,2020-06-02 10:52:58.378378378,Yogyakarta,S019
O00421,P0115,Toys,255.4,4,2020-06-02 19:39:05.945945946,Yogyakarta,S035
O00422,P0143,Books,421.15,5,2020-06-03 04:25:13.513513514,Surabaya,S039
O00423,P0092,Home,367.74,5,2020-06-03 13:11:21.081081080,Jakarta,S026
O00424,P0098,Home,273.41,8,2020-06-03 21:57:28.648648648,Jakarta,S046
O00425,P0066,Electronics,297.22,8,2020-06-04 06:43:36.216216216,Surabaya,S014
O00426,P0032,Toys,256.64,2,2020-06-04 15:29:43.783783784,Surabaya,S045
O00427,P0191,Electronics,152.29,7,2020-06-05 00:15:51.351351350,Surabaya,S044
O00428,P0086,Fashion,284.69,8,2020-06-05 09:01:58.918918918,Jakarta,S024
O00429,P0051,Electronics,346.0,6,2020-06-05 17:48:06.486486486,Yogyakarta,S041
O00430,P0153,Electronics,437.29,5,2020-06-06 02:34:14.054054054,Surabaya,S001
O00431,P0186,Books,319.96,9,2020-06-06 11:20:21.621621622,Bandung,S043
O00432,P0063,Home,381.76,3,2020-06-06 20:06:29.189189188,Surabaya,S022
O00433,P0190,Toys,84.24,4,2020-06-07 04:52:36.756756756,Medan,S023
O00434,P0125,Electronics,233.47,9,2020-06-07 13:38:44.324324324,Surabaya,S019
O00435,P0150,Toys,9.62,6,2020-06-07 22:24:51.891891892,Jakarta,S018
O00436,P0058,Electronics,127.11,8,2020-06-08 07:10:59.459459458,Surabaya,S012
O00437,P0058,Fashion,364.6,7,2020-06-08 15:57:07.027027026,Medan,S028
O00438,P0086,Electronics,495.95,2,2020-06-09 00:43:14.594594594,Bandung,S028
O00439,P0049,Books,54.09,3,2020-06-09 09:29:22.162162162,Yogyakarta,S033
O00440,P0180,Home,203.74,1,2020-06-09 18:15:29.729729730,Surabaya,S019
O00441,P0170,Fashion,401.04,9,2020-06-10 03:01:37.297297296,Medan,S028
O00442,P0070,Electronics,106.0,7,2020-06-10 11:47:44.864864864,Medan,S049
O00443,P0015,Toys,279.77,1,2020-06-10 20:33:52.432432432,Bandung,S037
O00444,P0054,Fashion,367.87,3,2020-06-11 05:20:00.000000000,Jakarta,S026
O00445,P0188,Fashion,309.91,4,2020-06-11 14:06:07.567567568,Surabaya,S035
O00446,P0101,Electronics,98.07,4,2020-06-11 22:52:15.135135134,Medan,S034
O00447,P0008,Fashion,180.92,5,2020-06-12 07:38:22.702702702,Bandung,S035
O00448,P0053,Toys,392.98,3,2020-06-12 16:24:30.270270270,Yogyakarta,S040
O00449,P0060,Fashion,279.34,3,2020-06-13 01:10:37.837837838,Medan,S016
O00450,P0108,Toys,7.59,1,2020-06-13 09:56:45.405405404,Bandung,S038
O00451,P0005,Electronics,381.69,7,2020-06-13 18:42:52.972972972,Jakarta,S013
O00452,P0103,Home,22.48,1,2020-06-14 03:29:00.540540540,Jakarta,S023
O00453,P0196,Fashion,374.14,2,2020-06-14 12:15:08.108108108,Medan,S022
O00454,P0006,Home,105.23,4,2020-06-14 21:01:15.675675676,Medan,S016
O00455,P0109,Toys,479.25,4,2020-06-15 05:47:23.243243242,Surabaya,S028
O00456,P0116,Fashion,187.13,5,2020-06-15 14:33:30.810810810,Bandung,S048
O00457,P0094,Books,166.83,2,2020-06-15 23:19:38.378378378,Medan,S035
O00458,P0047,Home,78.7,4,2020-06-16 08:05:45.945945946,Surabaya,S045
O00459,P0099,Fashion,156.27,1,2020-06-16 16:51:53.513513512,Surabaya,S046
O00460,P0055,Home,438.94,2,2020-06-17 01:38:01.081081080,Medan,S008
O00461,P0168,Fashion,498.19,1,2020-06-17 10:24:08.648648648,Jakarta,S044
O00462,P0052,Electronics,187.31,4,2020-06-17 19:10:16.216216216,Bandung,S022
O00463,P0144,Home,227.06,4,2020-06-18 03:56:23.783783784,Bandung,S021
O00464,P0013,Books,362.43,7,2020-06-18 12:42:31.351351350,Jakarta,S026
O00465,P0114,Books,443.67,9,2020-06-18 21:28:38.918918918,Medan,S040
O00466,P0124,Toys,298.56,9,2020-06-19 06:14:46.486486486,Bandung,S021
O00467,P0106,Fashion,198.81,5,2020-06-19 15:00:54.054054054,Medan,S025
O00468,P0158,Home,209.25,1,2020-06-19 23:47:01.621621622,Medan,S041
O00469,P0147,Toys,349.33,1,2020-06-20 08:33:09.189189188,Surabaya,S001
O00470,P0145,Home,6.59,6,2020-06-20 17:19:16.756756756,Jakarta,S006
O00471,P0120,Fashion,311.7,2,2020-06-21 02:05:24.324324324,Medan,S023
O00472,P0063,Books,180.97,8,2020-06-21 10:51:31.891891892,Yogyakarta,S023
O00473,P0019,Electronics,398.13,9,2020-06-21 19:37:39.459459458,Jakarta,S043
O00474,P0092,Books,51.03,4,2020-06-22 04:23:47.027027026,Bandung,S043
O00475,P0058,Toys,296.16,5,2020-06-22 13:09:54.594594594,Surabaya,S023
O00476,P0183,Electronics,243.08,8,2020-06-22 21:56:02.162162162,Bandung,S032
O00477,P0090,Toys,322.95,3,2020-06-23 06:42:09.729729730,Bandung,S030
O00478,P0117,Fashion,37.1,5,2020-06-23 15:28:17.297297296,Jakarta,S013
O00479,P0062,Electronics,292.09,3,2020-06-24 00:14:24.864864864,Bandung,S043
O00480,P0023,Toys,282.93,3,2020-06-24 09:00:32.432432432,Medan,S018
O00481,P0127,Fashion,282.53,3,2020-06-24 17:46:40.000000000,Bandung,S023
O00482,P0137,Books,303.73,7,2020-06-25 02:32:47.567567568,Surabaya,S015
O00483,P0140,Fashion,339.85,7,2020-06-25 11:18:55.135135134,Surabaya,S033
O00484,P0129,Home,403.47,7,2020-06-25 20:05:02.702702702,Yogyakarta,S021
O00485,P0058,Fashion,138.56,8,2020-06-26 04:51:10.270270270,Surabaya,S039
O00486,P0122,Fashion,413.4,5,2020-06-26 13:37:17.837837838,Bandung,S023
O00487,P0001,Home,251.64,5,2020-06-26 22:23:25.405405404,Surabaya,S027
O00488,P0034,Toys,43.14,4,2020-06-27 07:09:32.972972972,Jakarta,S045
O00489,P0096,Toys,33.98,7,2020-06-27 15:55:40.540540540,Surabaya,S044
O00490,P0126,Fashion,170.45,4,2020-06-28 00:41:48.108108108,Medan,S018
O00491,P0118,Home,393.52,2,2020-06-28 09:27:55.675675676,Jakarta,S024
O00492,P0048,Home,355.3,4,2020-06-28 18:14:03.243243242,Yogyakarta,S047
O00493,P0089,Books,395.36,8,2020-06-29 03:00:10.810810810,Medan,S040
O00494,P0117,Toys,261.05,9,2020-06-29 11:46:18.378378378,Bandung,S042
O00495,P0129,Electronics,222.9,3,2020-06-29 20:32:25.945945946,Bandung,S007
O00496,P0016,Toys,77.99,7,2020-06-30 05:18:33.513513512,Bandung,S048
O00497,P0189,Toys,167.46,9,2020-06-30 14:04:41.081081080,Medan,S020
O00498,P0192,Books,219.84,4,2020-06-30 22:50:48.648648648,Medan,S027
O00499,P0191,Electronics,48.86,3,2020-07-01 07:36:56.216216216,Medan,S006
O00500,P0069,Books,114.2,5,2020-07-01 16:23:03.783783784,Jakarta,S027
O00501,P0022,Electronics,301.12,1,2020-07-02 01:09:11.351351350,Jakarta,S009
O00502,P0093,Fashion,369.15,3,2020-07-02 09:55:18.918918918,Bandung,S045
O00503,P0195,Electronics,499.18,8,2020-07-02 18:41:26.486486486,Surabaya,S031
O00504,P0076,Books,466.89,8,2020-07-03 03:27:34.054054054,Bandung,S021
O00505,P0154,Toys,323.07,4,2020-07-03 12:13:41.621621622,Yogyakarta,S026
O00506,P0144,Electronics,213.52,2,2020-07-03 20:59:49.189189188,Jakarta,S040
O00507,P0179,Electronics,319.91,8,2020-07-04 05:45:56.756756756,Medan,S048
O00508,P0086,Home,393.9,8,2020-07-04 14:32:04.324324324,Jakarta,S045
O00509,P0185,Toys,63.58,4,2020-07-04 23:18:11.891891892,Medan,S013
O00510,P0029,Fashion,207.9,3,2020-07-05 08:04:19.459459458,Yogyakarta,S049
O00511,P0069,Books,420.7,2,2020-07-05 16:50:27.027027026,Yogyakarta,S023
O00512,P0047,Fashion,195.0,9,2020-07-06 01:36:34.594594594,Jakarta,S020
O00513,P0094,Toys,288.08,1,2020-07-06 10:22:42.162162162,Medan,S037
O00514,P0190,Electronics,295.95,7,2020-07-06 19:08:49.729729730,Yogyakarta,S028
O00515,P0197,Electronics,96.32,5,2020-07-07 03:54:57.297297296,Bandung,S017
O00516,P0144,Toys,184.31,8,2020-07-07 12:41:04.864864864,Bandung,S028
O00517,P0176,Electronics,170.58,4,2020-07-07 21:27:12.432432432,Medan,S041
O00518,P0085,Electronics,17.97,7,2020-07-08 06:13:20.000000000,Jakarta,S002
O00519,P0039,Electronics,16.97,5,2020-07-08 14:59:27.567567566,Yogyakarta,S025
O00520,P0100,Books,416.69,5,2020-07-08 23:45:35.135135134,Jakarta,S041
O00521,P0033,Books,140.17,9,2020-07-09 08:31:42.702702702,Bandung,S006
O00522,P0101,Home,261.45,9,2020-07-09 17:17:50.270270270,Yogyakarta,S011
O00523,P0023,Fashion,152.87,9,2020-07-10 02:03:57.837837838,Jakarta,S038
O00524,P0010,Toys,470.64,6,2020-07-10 10:50:05.405405404,Surabaya,S006
O00525,P0069,Toys,133.35,6,2020-07-10 19:36:12.972972972,Medan,S045
O00526,P0100,Toys,217.68,5,2020-07-11 04:22:20.540540540,Medan,S011
O00527,P0034,Home,437.0,9,2020-07-11 13:08:28.108108108,Surabaya,S014
O00528,P0180,Books,421.76,8,2020-07-11 21:54:35.675675676,Bandung,S002
O00529,P0138,Home,97.12,7,2020-07-12 06:40:43.243243242,Yogyakarta,S040
O00530,P0147,Toys,402.31,7,2020-07-12 15:26:50.810810810,Medan,S003
O00531,P0186,Fashion,231.8,6,2020-07-13 00:12:58.378378378,Surabaya,S035
O00532,P0096,Electronics,244.07,5,2020-07-13 08:59:05.945945946,Surabaya,S033
O00533,P0001,Books,71.07,4,2020-07-13 17:45:13.513513512,Bandung,S024
O00534,P0069,Books,44.9,3,2020-07-14 02:31:21.081081080,Bandung,S019
O00535,P0004,Home,365.33,3,2020-07-14 11:17:28.648648648,Jakarta,S018
O00536,P0016,Books,250.75,6,2020-07-14 20:03:36.216216216,Medan,S049
O00537,P0024,Toys,221.24,4,2020-07-15 04:49:43.783783784,Jakarta,S024
O00538,P0080,Toys,366.11,6,2020-07-15 13:35:51.351351350,Surabaya,S045
O00539,P0002,Home,383.93,3,2020-07-15 22:21:58.918918918,Yogyakarta,S035
O00540,P0128,Toys,83.66,4,2020-07-16 07:08:06.486486486,Yogyakarta,S001
O00541,P0160,Fashion,307.06,9,2020-07-16 15:54:14.054054054,Bandung,S036
O00542,P0084,Home,72.0,5,2020-07-17 00:40:21.621621620,Yogyakarta,S025
O00543,P0152,Fashion,376.93,7,2020-07-17 09:26:29.189189188,Yogyakarta,S045
O00544,P0140,Electronics,330.19,2,2020-07-17 18:12:36.756756756,Yogyakarta,S049
O00545,P0178,Fashion,478.52,5,2020-07-18 02:58:44.324324324,Surabaya,S043
O00546,P0163,Electronics,39.13,9,2020-07-18 11:44:51.891891892,Yogyakarta,S034
O00547,P0124,Electronics,33.24,3,2020-07-18 20:30:59.459459458,Yogyakarta,S025
O00548,P0033,Fashion,144.68,9,2020-07-19 05:17:07.027027026,Yogyakarta,S016
O00549,P0161,Home,134.54,6,2020-07-19 14:03:14.594594594,Jakarta,S034
O00550,P0189,Toys,127.25,4,2020-07-19 22:49:22.162162162,Surabaya,S029
O00551,P0179,Toys,453.6,7,2020-07-20 07:35:29.729729730,Bandung,S019
O00552,P0171,Electronics,128.53,8,2020-07-20 16:21:37.297297296,Jakarta,S023
O00553,P0101,Electronics,139.62,6,2020-07-21 01:07:44.864864864,Medan,S019
O00554,P0012,Home,380.9,5,2020-07-21 09:53:52.432432432,Surabaya,S025
O00555,P0067,Books,227.62,6,2020-07-21 18:40:00.000000000,Surabaya,S016
O00556,P0065,Fashion,389.47,5,2020-07-22 03:26:07.567567566,Medan,S009
O00557,P0161,Electronics,37.36,8,2020-07-22 12:12:15.135135134,Medan,S001
O00558,P0168,Toys,246.35,1,2020-07-22 20:58:22.702702702,Medan,S042
O00559,P0074,Home,21.64,7,2020-07-23 05:44:30.270270270,Bandung,S019
O00560,P0043,Fashion,36.01,2,2020-07-23 14:30:37.837837838,Yogyakarta,S033
O00561,P0044,Home,453.69,9,2020-07-23 23:16:45.405405404,Surabaya,S034
O00562,P0029,Fashion,73.93,1,2020-07-24 08:02:52.972972972,Yogyakarta,S016
O00563,P0141,Fashion,268.55,6,2020-07-24 16:49:00.540540540,Yogyakarta,S044
O00564,P0012,Electronics,208.49,9,2020-07-25 01:35:08.108108108,Medan,S040
O00565,P0095,Home,176.93,1,2020-07-25 10:21:15.675675676,Bandung,S018
O00566,P0046,Home,450.42,4,2020-07-25 19:07:23.243243242,Jakarta,S034
O00567,P0130,Toys,15.8,4,2020-07-26 03:53:30.810810810,Bandung,S025
O00568,P0035,Toys,333.58,9,2020-07-26 12:39:38.378378378,Yogyakarta,S045
O00569,P0081,Electronics,481.88,5,2020-07-26 21:25:45.945945946,Bandung,S006
O00570,P0090,Electronics,282.28,5,2020-07-27 06:11:53.513513512,Medan,S021
O00571,P0008,Books,468.73,6,2020-07-27 14:58:01.081081080,Jakarta,S006
O00572,P0093,Toys,30.87,1,2020-07-27 23:44:08.648648648,Medan,S032
O00573,P0154,Fashion,212.3,1,2020-07-28 08:30:16.216216216,Jakarta,S041
O00574,P0090,Home,133.78,9,2020-07-28 17:16:23.783783784,Yogyakarta,S048
O00575,P0162,Electronics,366.76,3,2020-07-29 02:02:31.351351352,Jakarta,S043
O00576,P0115,Home,490.74,4,2020-07-29 10:48:38.918918920,Jakarta,S039
O00577,P0105,Home,131.98,1,2020-07-29 19:34:46.486486484,Jakarta,S031
O00578,P0135,Books,328.82,9,2020-07-30 04:20:54.054054052,Bandung,S042
O00579,P0196,Toys,103.06,8,2020-07-30 13:07:01.621621620,Bandung,S010
O00580,P0058,Electronics,284.84,2,2020-07-30 21:53:09.189189188,Yogyakarta,S030
O00581,P0114,Home,234.65,8,2020-07-31 06:39:16.756756756,Jakarta,S018
O00582,P0075,Electronics,486.14,7,2020-07-31 15:25:24.324324324,Surabaya,S024
O00583,P0157,Fashion,306.22,6,2020-08-01 00:11:31.891891892,Yogyakarta,S009
O00584,P0120,Books,178.01,1,2020-08-01 08:57:39.459459460,Jakarta,S031
O00585,P0164,Fashion,61.48,7,2020-08-01 17:43:47.027027028,Jakarta,S015
O00586,P0021,Electronics,79.87,7,2020-08-02 02:29:54.594594592,Bandung,S004
O00587,P0164,Electronics,116.53,9,2020-08-02 11:16:02.162162160,Yogyakarta,S040
O00588,P0138,Toys,129.23,1,2020-08-02 20:02:09.729729728,Jakarta,S009
O00589,P0101,Home,426.05,2,2020-08-03 04:48:17.297297296,Jakarta,S045
O00590,P0152,Home,282.81,9,2020-08-03 13:34:24.864864864,Yogyakarta,S009
O00591,P0192,Fashion,264.08,9,2020-08-03 22:20:32.432432432,Surabaya,S026
O00592,P0177,Books,61.81,6,2020-08-04 07:06:40.000000000,Yogyakarta,S004
O00593,P0099,Home,430.77,6,2020-08-04 15:52:47.567567568,Yogyakarta,S017
O00594,P0036,Toys,362.79,4,2020-08-05 00:38:55.135135136,Surabaya,S016
O00595,P0096,Fashion,38.5,4,2020-08-05 09:25:02.702702704,Yogyakarta,S015
O00596,P0152,Fashion,355.38,5,2020-08-05 18:11:10.270270268,Jakarta,S035
O00597,P0151,Toys,274.05,3,2020-08-06 02:57:17.837837836,Yogyakarta,S005
O00598,P0190,Books,45.45,1,2020-08-06 11:43:25.405405404,Surabaya,S005
O00599,P0037,Toys,231.86,1,2020-08-06 20:29:32.972972972,Medan,S020
O00600,P0012,Books,244.92,7,2020-08-07 05:15:40.540540540,Yogyakarta,S015
O00601,P0113,Toys,87.06,1,2020-08-07 14:01:48.108108108,Bandung,S018
O00602,P0183,Toys,473.12,1,2020-08-07 22:47:55.675675676,Jakarta,S047
O00603,P0013,Electronics,425.74,3,2020-08-08 07:34:03.243243244,Jakarta,S002
O00604,P0023,Fashion,336.17,4,2020-08-08 16:20:10.810810812,Bandung,S029
O00605,P0099,Toys,233.84,4,2020-08-09 01:06:18.378378376,Bandung,S013
O00606,P0105,Toys,208.82,2,2020-08-09 09:52:25.945945944,Yogyakarta,S004
O00607,P0030,Home,327.23,1,2020-08-09 18:38:33.513513512,Bandung,S042
O00608,P0017,Fashion,274.99,3,2020-08-10 03:24:41.081081080,Medan,S045
O00609,P0113,Home,35.83,4,2020-08-10 12:10:48.648648648,Surabaya,S010
O00610,P0062,Fashion,258.69,3,2020-08-10 20:56:56.216216216,Bandung,S031
O00611,P0084,Home,404.17,8,2020-08-11 05:43:03.783783784,Bandung,S041
O00612,P0112,Toys,232.32,1,2020-08-11 14:29:11.351351352,Medan,S008
O00613,P0086,Toys,30.72,2,2020-08-11 23:15:18.918918920,Jakarta,S003
O00614,P0141,Electronics,394.21,7,2020-08-12 08:01:26.486486484,Jakarta,S048
O00615,P0187,Home,104.68,4,2020-08-12 16:47:34.054054052,Yogyakarta,S046
O00616,P0019,Books,133.02,8,2020-08-13 01:33:41.621621620,Medan,S009
O00617,P0177,Electronics,86.53,3,2020-08-13 10:19:49.189189188,Surabaya,S030
O00618,P0100,Home,168.46,6,2020-08-13 19:05:56.756756756,Surabaya,S011
O00619,P0140,Home,379.59,9,2020-08-14 03:52:04.324324324,Medan,S035
O00620,P0189,Electronics,262.1,1,2020-08-14 12:38:11.891891892,Surabaya,S037
O00621,P0147,Toys,106.42,1,2020-08-14 21:24:19.459459460,Jakarta,S042
O00622,P0076,Home,439.53,8,2020-08-15 06:10:27.027027028,Surabaya,S013
O00623,P0009,Toys,440.39,3,2020-08-15 14:56:34.594594592,Surabaya,S036
O00624,P0199,Electronics,435.94,5,2020-08-15 23:42:42.162162160,Medan,S013
O00625,P0028,Toys,123.2,1,2020-08-16 08:28:49.729729728,Medan,S012
O00626,P0128,Fashion,228.36,5,2020-08-16 17:14:57.297297296,Surabaya,S037
O00627,P0052,Books,492.57,6,2020-08-17 02:01:04.864864864,Bandung,S010
O00628,P0083,Home,387.15,8,2020-08-17 10:47:12.432432432,Medan,S009
O00629,P0111,Books,18.45,3,2020-08-17 19:33:20.000000000,Yogyakarta,S007
O00630,P0144,Toys,37.28,3,2020-08-18 04:19:27.567567568,Yogyakarta,S002
O00631,P0117,Home,234.65,9,2020-08-18 13:05:35.135135136,Jakarta,S023
O00632,P0069,Toys,455.06,4,2020-08-18 21:51:42.702702700,Surabaya,S039
O00633,P0099,Fashion,271.66,4,2020-08-19 06:37:50.270270268,Bandung,S040
O00634,P0140,Electronics,251.42,7,2020-08-19 15:23:57.837837836,Jakarta,S039
O00635,P0025,Home,57.21,2,2020-08-20 00:10:05.405405404,Surabaya,S021
O00636,P0180,Fashion,330.11,8,2020-08-20 08:56:12.972972972,Medan,S023
O00637,P0123,Fashion,411.94,6,2020-08-20 17:42:20.540540540,Yogyakarta,S029
O00638,P0053,Home,193.31,3,2020-08-21 02:28:28.108108108,Bandung,S014
O00639,P0151,Toys,388.93,9,2020-08-21 11:14:35.675675676,Yogyakarta,S026
O00640,P0144,Fashion,482.42,5,2020-08-21 20:00:43.243243244,Medan,S005
O00641,P0057,Books,105.86,8,2020-08-22 04:46:50.810810812,Surabaya,S031
O00642,P0039,Fashion,264.05,7,2020-08-22 13:32:58.378378376,Medan,S025
O00643,P0109,Toys,147.13,8,2020-08-22 22:19:05.945945944,Medan,S031
O00644,P0181,Toys,397.46,7,2020-08-23 07:05:13.513513512,Yogyakarta,S020
O00645,P0042,Books,290.91,3,2020-08-23 15:51:21.081081080,Bandung,S044
O00646,P0186,Fashion,319.12,2,2020-08-24 00:37:28.648648648,Medan,S017
O00647,P0167,Toys,399.97,7,2020-08-24 09:23:36.216216216,Yogyakarta,S045
O00648,P0142,Home,201.01,3,2020-08-24 18:09:43.783783784,Bandung,S002
O00649,P0122,Electronics,457.97,3,2020-08-25 02:55:51.351351352,Surabaya,S025
O00650,P0133,Electronics,268.85,2,2020-08-25 11:41:58.918918920,Surabaya,S013
O00651,P0163,Electronics,83.19,4,2020-08-25 20:28:06.486486484,Jakarta,S039
O00652,P0075,Fashion,349.47,8,2020-08-26 05:14:14.054054052,Yogyakarta,S028
O00653,P0146,Books,397.66,1,2020-08-26 14:00:21.621621620,Bandung,S042
O00654,P0076,Toys,161.8,1,2020-08-26 22:46:29.189189188,Medan,S006
O00655,P0009,Home,429.3,5,2020-08-27 07:32:36.756756756,Surabaya,S003
O00656,P0074,Home,453.54,5,2020-08-27 16:18:44.324324324,Bandung,S035
O00657,P0186,Fashion,142.07,1,2020-08-28 01:04:51.891891892,Yogyakarta,S018
O00658,P0145,Electronics,491.84,6,2020-08-28 09:50:59.459459460,Jakarta,S011
O00659,P0007,Fashion,74.65,1,2020-08-28 18:37:07.027027028,Surabaya,S020
O00660,P0174,Books,105.0,5,2020-08-29 03:23:14.594594592,Bandung,S005
O00661,P0141,Books,96.19,9,2020-08-29 12:09:22.162162160,Bandung,S019
O00662,P0168,Toys,447.52,5,2020-08-29 20:55:29.729729728,Bandung,S022
O00663,P0170,Toys,328.87,6,2020-08-30 05:41:37.297297296,Yogyakarta,S019
O00664,P0137,Books,80.29,8,2020-08-30 14:27:44.864864864,Yogyakarta,S047
O00665,P0178,Books,222.96,1,2020-08-30 23:13:52.432432432,Yogyakarta,S016
O00666,P0027,Books,309.57,2,2020-08-31 08:00:00.000000000,Medan,S024
O00667,P0122,Fashion,46.31,9,2020-08-31 16:46:07.567567568,Bandung,S041
O00668,P0194,Books,441.8,3,2020-09-01 01:32:15.135135136,Surabaya,S004
O00669,P0005,Home,402.78,6,2020-09-01 10:18:22.702702700,Yogyakarta,S015
O00670,P0029,Electronics,255.08,5,2020-09-01 19:04:30.270270268,Yogyakarta,S025
O00671,P0165,Books,483.73,2,2020-09-02 03:50:37.837837836,Bandung,S044
O00672,P0166,Electronics,211.79,7,2020-09-02 12:36:45.405405404,Yogyakarta,S035
O00673,P0083,Fashion,492.13,4,2020-09-02 21:22:52.972972972,Medan,S014
O00674,P0136,Electronics,335.62,1,2020-09-03 06:09:00.540540540,Medan,S049
O00675,P0109,Fashion,319.16,4,2020-09-03 14:55:08.108108108,Yogyakarta,S019
O00676,P0065,Home,87.15,6,2020-09-03 23:41:15.675675676,Bandung,S038
O00677,P0086,Fashion,441.55,7,2020-09-04 08:27:23.243243244,Bandung,S036
O00678,P0145,Fashion,216.61,7,2020-09-04 17:13:30.810810812,Bandung,S007
O00679,P0071,Toys,85.31,7,2020-09-05 01:59:38.378378376,Jakarta,S030
O00680,P0045,Books,11.24,3,2020-09-05 10:45:45.945945944,Yogyakarta,S019
O00681,P0132,Books,282.08,6,2020-09-05 19:31:53.513513512,Bandung,S049
O00682,P0036,Home,266.06,8,2020-09-06 04:18:01.081081080,Medan,S025
O00683,P0070,Home,361.08,4,2020-09-06 13:04:08.648648648,Surabaya,S016
O00684,P0159,Books,445.68,8,2020-09-06 21:50:16.216216216,Surabaya,S047
O00685,P0019,Toys,44.31,2,2020-09-07 06:36:23.783783784,Bandung,S040
O00686,P0189,Books,367.09,9,2020-09-07 15:22:31.351351352,Surabaya,S008
O00687,P0108,Toys,97.77,9,2020-09-08 00:08:38.918918920,Surabaya,S018
O00688,P0182,Home,429.8,8,2020-09-08 08:54:46.486486484,Jakarta,S028
O00689,P0167,Electronics,410.44,1,2020-09-08 17:40:54.054054052,Medan,S016
O00690,P0091,Home,272.69,2,2020-09-09 02:27:01.621621620,Medan,S019
O00691,P0090,Home,356.57,6,2020-09-09 11:13:09.189189188,Jakarta,S042
O00692,P0019,Fashion,160.6,5,2020-09-09 19:59:16.756756756,Jakarta,S017
O00693,P0039,Fashion,238.23,9,2020-09-10 04:45:24.324324324,Surabaya,S045
O00694,P0126,Fashion,411.71,5,2020-09-10 13:31:31.891891892,Yogyakarta,S013
O00695,P0195,Fashion,232.34,2,2020-09-10 22:17:39.459459460,Surabaya,S007
O00696,P0173,Toys,182.11,4,2020-09-11 07:03:47.027027028,Jakarta,S027
O00697,P0141,Books,249.64,9,2020-09-11 15:49:54.594594592,Medan,S010
O00698,P0126,Electronics,414.98,1,2020-09-12 00:36:02.162162160,Surabaya,S034
O00699,P0058,Home,170.93,1,2020-09-12 09:22:09.729729728,Yogyakarta,S036
O00700,P0148,Toys,91.01,7,2020-09-12 18:08:17.297297296,Surabaya,S025
O00701,P0061,Electronics,357.45,3,2020-09-13 02:54:24.864864864,Bandung,S006
O00702,P0127,Toys,413.86,2,2020-09-13 11:40:32.432432432,Surabaya,S024
O00703,P0105,Toys,54.82,9,2020-09-13 20:26:40.000000000,Jakarta,S018
O00704,P0167,Home,123.74,3,2020-09-14 05:12:47.567567568,Medan,S023
O00705,P0001,Books,75.28,2,2020-09-14 13:58:55.135135136,Medan,S006
O00706,P0131,Fashion,177.23,8,2020-09-14 22:45:02.702702700,Jakarta,S029
O00707,P0092,Books,227.92,6,2020-09-15 07:31:10.270270268,Bandung,S025
O00708,P0190,Home,375.67,6,2020-09-15 16:17:17.837837836,Jakarta,S017
O00709,P0191,Home,327.32,7,2020-09-16 01:03:25.405405404,Surabaya,S046
O00710,P0113,Home,312.36,7,2020-09-16 09:49:32.972972972,Jakarta,S024
O00711,P0153,Electronics,179.43,6,2020-09-16 18:35:40.540540540,Jakarta,S011
O00712,P0056,Books,421.52,4,2020-09-17 03:21:48.108108108,Bandung,S026
O00713,P0161,Books,238.29,9,2020-09-17 12:07:55.675675676,Surabaya,S034
O00714,P0166,Toys,489.66,6,2020-09-17 20:54:03.243243244,Yogyakarta,S028
O00715,P0117,Toys,318.9,4,2020-09-18 05:40:10.810810808,Yogyakarta,S003
O00716,P0134,Toys,67.5,3,2020-09-18 14:26:18.378378376,Medan,S011
O00717,P0058,Home,339.71,4,2020-09-18 23:12:25.945945944,Jakarta,S038
O00718,P0044,Books,165.93,3,2020-09-19 07:58:33.513513512,Medan,S014
O00719,P0173,Home,344.73,2,2020-09-19 16:44:41.081081080,Bandung,S026
O00720,P0160,Electronics,39.47,5,2020-09-20 01:30:48.648648648,Yogyakarta,S048
O00721,P0173,Toys,91.57,2,2020-09-20 10:16:56.216216216,Jakarta,S021
O00722,P0061,Home,428.59,6,2020-09-20 19:03:03.783783784,Bandung,S039
O00723,P0047,Home,117.45,3,2020-09-21 03:49:11.351351352,Bandung,S030
O00724,P0149,Electronics,419.34,6,2020-09-21 12:35:18.918918920,Jakarta,S008
O00725,P0080,Fashion,143.24,9,2020-09-21 21:21:26.486486484,Bandung,S020
O00726,P0118,Books,323.23,1,2020-09-22 06:07:34.054054052,Jakarta,S048
O00727,P0164,Fashion,348.6,6,2020-09-22 14:53:41.621621620,Jakarta,S032
O00728,P0147,Toys,258.76,9,2020-09-22 23:39:49.189189188,Surabaya,S022
O00729,P0020,Home,156.13,4,2020-09-23 08:25:56.756756756,Medan,S007
O00730,P0185,Electronics,110.26,2,2020-09-23 17:12:04.324324324,Bandung,S009
O00731,P0146,Electronics,21.43,4,2020-09-24 01:58:11.891891892,Bandung,S045
O00732,P0047,Books,155.45,1,2020-09-24 10:44:19.459459460,Surabaya,S001
O00733,P0049,Fashion,328.32,3,2020-09-24 19:30:27.027027028,Surabaya,S029
O00734,P0014,Books,469.46,9,2020-09-25 04:16:34.594594592,Surabaya,S008
O00735,P0143,Home,436.25,5,2020-09-25 13:02:42.162162160,Yogyakarta,S004
O00736,P0159,Books,384.2,6,2020-09-25 21:48:49.729729728,Yogyakarta,S035
O00737,P0001,Electronics,395.28,3,2020-09-26 06:34:57.297297296,Yogyakarta,S003
O00738,P0117,Electronics,334.17,5,2020-09-26 15:21:04.864864864,Jakarta,S045
O00739,P0054,Toys,133.84,8,2020-09-27 00:07:12.432432432,Bandung,S040
O00740,P0118,Toys,454.06,6,2020-09-27 08:53:20.000000000,Medan,S007
O00741,P0003,Home,337.01,4,2020-09-27 17:39:27.567567568,Jakarta,S027
O00742,P0144,Fashion,282.42,2,2020-09-28 02:25:35.135135136,Bandung,S001
O00743,P0185,Books,59.94,9,2020-09-28 11:11:42.702702700,Bandung,S027
O00744,P0012,Home,226.29,1,2020-09-28 19:57:50.270270268,Surabaya,S016
O00745,P0074,Toys,232.88,1,2020-09-29 04:43:57.837837836,Surabaya,S038
O00746,P0016,Books,432.96,4,2020-09-29 13:30:05.405405404,Jakarta,S007
O00747,P0102,Toys,275.59,7,2020-09-29 22:16:12.972972972,Surabaya,S044
O00748,P0152,Books,193.3,1,2020-09-30 07:02:20.540540540,Bandung,S023
O00749,P0156,Fashion,488.52,9,2020-09-30 15:48:28.108108108,Surabaya,S041
O00750,P0117,Home,59.81,4,2020-10-01 00:34:35.675675676,Yogyakarta,S011
O00751,P0008,Books,214.16,3,2020-10-01 09:20:43.243243244,Surabaya,S042
O00752,P0122,Electronics,25.8,1,2020-10-01 18:06:50.810810808,Bandung,S033
O00753,P0092,Electronics,371.25,4,2020-10-02 02:52:58.378378376,Jakarta,S036
O00754,P0164,Books,459.45,9,2020-10-02 11:39:05.945945944,Medan,S037
O00755,P0090,Books,143.62,6,2020-10-02 20:25:13.513513512,Surabaya,S041
O00756,P0136,Books,429.88,6,2020-10-03 05:11:21.081081080,Bandung,S017
O00757,P0186,Electronics,149.65,1,2020-10-03 13:57:28.648648648,Medan,S035
O00758,P0060,Electronics,455.83,2,2020-10-03 22:43:36.216216216,Medan,S048
O00759,P0178,Books,378.21,6,2020-10-04 07:29:43.783783784,Yogyakarta,S005
O00760,P0028,Toys,403.43,2,2020-10-04 16:15:51.351351352,Medan,S048
O00761,P0101,Toys,13.91,3,2020-10-05 01:01:58.918918920,Bandung,S032
O00762,P0041,Fashion,481.59,4,2020-10-05 09:48:06.486486484,Bandung,S003
O00763,P0192,Home,364.7,5,2020-10-05 18:34:14.054054052,Surabaya,S047
O00764,P0155,Toys,155.85,9,2020-10-06 03:20:21.621621620,Surabaya,S035
O00765,P0191,Electronics,415.55,4,2020-10-06 12:06:29.189189188,Surabaya,S014
O00766,P0145,Toys,144.35,9,2020-10-06 20:52:36.756756756,Medan,S048
O00767,P0161,Fashion,437.01,3,2020-10-07 05:38:44.324324324,Medan,S031
O00768,P0157,Fashion,60.73,8,2020-10-07 14:24:51.891891892,Yogyakarta,S031
O00769,P0141,Home,353.32,1,2020-10-07 23:10:59.459459460,Surabaya,S017
O00770,P0046,Toys,272.65,9,2020-10-08 07:57:07.027027028,Jakarta,S024
O00771,P0035,Electronics,52.78,9,2020-10-08 16:43:14.594594592,Yogyakarta,S023
O00772,P0134,Electronics,124.74,2,2020-10-09 01:29:22.162162160,Jakarta,S018
O00773,P0082,Books,11.14,4,2020-10-09 10:15:29.729729728,Medan,S014
O00774,P0115,Electronics,237.04,8,2020-10-09 19:01:37.297297296,Yogyakarta,S015
O00775,P0197,Home,154.13,7,2020-10-10 03:47:44.864864864,Yogyakarta,S015
O00776,P0047,Home,301.19,1,2020-10-10 12:33:52.432432432,Bandung,S006
O00777,P0153,Electronics,152.13,5,2020-10-10 21:20:00.000000000,Medan,S027
O00778,P0194,Electronics,153.46,7,2020-10-11 06:06:07.567567568,Medan,S015
O00779,P0010,Books,372.88,4,2020-10-11 14:52:15.135135136,Yogyakarta,S036
O00780,P0056,Electronics,28.83,1,2020-10-11 23:38:22.702702700,Medan,S008
O00781,P0030,Books,451.93,9,2020-10-12 08:24:30.270270268,Yogyakarta,S015
O00782,P0109,Books,426.87,5,2020-10-12 17:10:37.837837836,Bandung,S003
O00783,P0005,Electronics,335.56,2,2020-10-13 01:56:45.405405404,Yogyakarta,S047
O00784,P0119,Fashion,298.64,8,2020-10-13 10:42:52.972972972,Medan,S013
O00785,P0033,Fashion,446.69,2,2020-10-13 19:29:00.540540540,Medan,S041
O00786,P0118,Books,96.74,3,2020-10-14 04:15:08.108108108,Yogyakarta,S034
O00787,P0065,Electronics,44.09,1,2020-10-14 13:01:15.675675676,Yogyakarta,S024
O00788,P0146,Fashion,123.56,2,2020-10-14 21:47:23.243243244,Yogyakarta,S040
O00789,P0177,Electronics,398.32,7,2020-10-15 06:33:30.810810808,Surabaya,S032
O00790,P0011,Electronics,22.16,2,2020-10-15 15:19:38.378378376,Medan,S032
O00791,P0085,Electronics,293.49,6,2020-10-16 00:05:45.945945944,Medan,S030
O00792,P0026,Toys,497.74,3,2020-10-16 08:51:53.513513512,Surabaya,S049
O00793,P0063,Electronics,428.57,4,2020-10-16 17:38:01.081081080,Yogyakarta,S013
O00794,P0086,Toys,263.12,8,2020-10-17 02:24:08.648648648,Bandung,S001
O00795,P0059,Books,36.5,3,2020-10-17 11:10:16.216216216,Yogyakarta,S034
O00796,P0027,Fashion,416.53,6,2020-10-17 19:56:23.783783784,Yogyakarta,S015
O00797,P0177,Fashion,301.49,1,2020-10-18 04:42:31.351351352,Surabaya,S044
O00798,P0161,Fashion,61.89,7,2020-10-18 13:28:38.918918916,Medan,S014
O00799,P0098,Fashion,51.46,8,2020-10-18 22:14:46.486486484,Yogyakarta,S029
O00800,P0105,Fashion,455.27,8,2020-10-19 07:00:54.054054052,Medan,S034
O00801,P0099,Fashion,336.25,3,2020-10-19 15:47:01.621621620,Jakarta,S018
O00802,P0129,Fashion,415.5,1,2020-10-20 00:33:09.189189188,Medan,S007
O00803,P0149,Books,440.09,9,2020-10-20 09:19:16.756756756,Bandung,S029
O00804,P0055,Electronics,288.03,6,2020-10-20 18:05:24.324324324,Bandung,S031
O00805,P0006,Home,261.14,9,2020-10-21 02:51:31.891891892,Yogyakarta,S025
O00806,P0197,Toys,218.06,7,2020-10-21 11:37:39.459459460,Medan,S038
O00807,P0095,Home,161.89,1,2020-10-21 20:23:47.027027028,Yogyakarta,S014
O00808,P0133,Home,220.13,1,2020-10-22 05:09:54.594594592,Surabaya,S008
O00809,P0102,Electronics,388.07,6,2020-10-22 13:56:02.162162160,Bandung,S027
O00810,P0003,Electronics,302.95,5,2020-10-22 22:42:09.729729728,Yogyakarta,S002
O00811,P0181,Electronics,446.8,9,2020-10-23 07:28:17.297297296,Surabaya,S017
O00812,P0023,Fashion,224.47,2,2020-10-23 16:14:24.864864864,Yogyakarta,S037
O00813,P0053,Books,305.51,8,2020-10-24 01:00:32.432432432,Medan,S014
O00814,P0165,Fashion,317.5,5,2020-10-24 09:46:40.000000000,Medan,S025
O00815,P0083,Books,297.89,2,2020-10-24 18:32:47.567567568,Medan,S030
O00816,P0145,Books,352.8,6,2020-10-25 03:18:55.135135136,Medan,S029
O00817,P0085,Home,122.53,8,2020-10-25 12:05:02.702702700,Jakarta,S020
O00818,P0078,Home,258.62,4,2020-10-25 20:51:10.270270268,Surabaya,S021
O00819,P0110,Books,56.59,2,2020-10-26 05:37:17.837837836,Surabaya,S022
O00820,P0001,Books,195.33,5,2020-10-26 14:23:25.405405404,Medan,S035
O00821,P0051,Fashion,246.4,2,2020-10-26 23:09:32.972972972,Jakarta,S037
O00822,P0173,Fashion,327.85,2,2020-10-27 07:55:40.540540540,Medan,S016
O00823,P0004,Home,475.51,6,2020-10-27 16:41:48.108108108,Jakarta,S049
O00824,P0190,Electronics,302.32,9,2020-10-28 01:27:55.675675676,Medan,S043
O00825,P0193,Books,373.08,4,2020-10-28 10:14:03.243243244,Bandung,S017
O00826,P0113,Fashion,255.6,6,2020-10-28 19:00:10.810810808,Bandung,S016
O00827,P0032,Home,318.88,7,2020-10-29 03:46:18.378378376,Yogyakarta,S002
O00828,P0034,Fashion,40.11,6,2020-10-29 12:32:25.945945944,Medan,S004
O00829,P0092,Books,130.92,8,2020-10-29 21:18:33.513513512,Surabaya,S021
O00830,P0095,Books,184.12,4,2020-10-30 06:04:41.081081080,Yogyakarta,S039
O00831,P0072,Toys,238.88,1,2020-10-30 14:50:48.648648648,Bandung,S034
O00832,P0039,Electronics,27.6,7,2020-10-30 23:36:56.216216216,Medan,S030
O00833,P0154,Toys,74.31,3,2020-10-31 08:23:03.783783784,Yogyakarta,S006
O00834,P0162,Home,142.02,6,2020-10-31 17:09:11.351351352,Medan,S017
O00835,P0182,Fashion,485.91,2,2020-11-01 01:55:18.918918916,Bandung,S039
O00836,P0118,Home,169.02,9,2020-11-01 10:41:26.486486484,Yogyakarta,S025
O00837,P0003,Books,243.61,1,2020-11-01 19:27:34.054054052,Bandung,S005
O00838,P0123,Toys,102.07,6,2020-11-02 04:13:41.621621620,Jakarta,S005
O00839,P0050,Toys,307.34,6,2020-11-02 12:59:49.189189188,Bandung,S020
O00840,P0012,Toys,143.94,5,2020-11-02 21:45:56.756756756,Medan,S016
O00841,P0193,Home,107.46,5,2020-11-03 06:32:04.324324324,Surabaya,S041
O00842,P0054,Books,260.7,1,2020-11-03 15:18:11.891891892,Bandung,S037
O00843,P0133,Fashion,7.73,5,2020-11-04 00:04:19.459459460,Surabaya,S040
O00844,P0057,Fashion,8.79,2,2020-11-04 08:50:27.027027028,Jakarta,S009
O00845,P0145,Home,113.44,7,2020-11-04 17:36:34.594594592,Yogyakarta,S005
O00846,P0112,Toys,23.18,3,2020-11-05 02:22:42.162162160,Yogyakarta,S042
O00847,P0047,Electronics,58.47,4,2020-11-05 11:08:49.729729728,Surabaya,S002
O00848,P0151,Home,172.74,3,2020-11-05 19:54:57.297297296,Yogyakarta,S009
O00849,P0085,Home,402.28,3,2020-11-06 04:41:04.864864864,Bandung,S043
O00850,P0142,Books,288.16,4,2020-11-06 13:27:12.432432432,Surabaya,S036
O00851,P0066,Fashion,258.77,5,2020-11-06 22:13:20.000000000,Medan,S022
O00852,P0075,Home,150.28,1,2020-11-07 06:59:27.567567568,Bandung,S022
O00853,P0179,Home,466.22,4,2020-11-07 15:45:35.135135136,Bandung,S022
O00854,P0103,Toys,201.52,8,2020-11-08 00:31:42.702702700,Bandung,S034
O00855,P0166,Toys,48.11,7,2020-11-08 09:17:50.270270268,Medan,S029
O00856,P0192,Electronics,310.45,9,2020-11-08 18:03:57.837837836,Jakarta,S038
O00857,P0038,Books,61.35,5,2020-11-09 02:50:05.405405404,Yogyakarta,S046
O00858,P0050,Electronics,175.89,4,2020-11-09 11:36:12.972972972,Surabaya,S033
O00859,P0098,Toys,256.17,8,2020-11-09 20:22:20.540540540,Jakarta,S018
O00860,P0082,Fashion,437.74,9,2020-11-10 05:08:28.108108108,Surabaya,S007
O00861,P0030,Toys,249.31,7,2020-11-10 13:54:35.675675676,Yogyakarta,S001
O00862,P0079,Books,352.62,7,2020-11-10 22:40:43.243243244,Medan,S033
O00863,P0091,Toys,496.44,5,2020-11-11 07:26:50.810810808,Bandung,S001
O00864,P0179,Books,70.09,4,2020-11-11 16:12:58.378378376,Bandung,S024
O00865,P0191,Books,140.99,1,2020-11-12 00:59:05.945945944,Medan,S004
O00866,P0052,Books,200.32,7,2020-11-12 09:45:13.513513512,Jakarta,S004
O00867,P0166,Books,213.8,1,2020-11-12 18:31:21.081081080,Jakarta,S018
O00868,P0079,Books,208.46,1,2020-11-13 03:17:28.648648648,Surabaya,S027
O00869,P0030,Fashion,454.27,5,2020-11-13 12:03:36.216216216,Medan,S043
O00870,P0106,Electronics,358.45,9,2020-11-13 20:49:43.783783784,Jakarta,S032
O00871,P0051,Home,305.91,6,2020-11-14 05:35:51.351351352,Medan,S033
O00872,P0081,Electronics,158.14,3,2020-11-14 14:21:58.918918916,Yogyakarta,S028
O00873,P0133,Books,412.78,3,2020-11-14 23:08:06.486486484,Bandung,S042
O00874,P0029,Fashion,477.75,7,2020-11-15 07:54:14.054054052,Bandung,S041
O00875,P0132,Toys,411.49,6,2020-11-15 16:40:21.621621620,Bandung,S036
O00876,P0138,Fashion,5.77,9,2020-11-16 01:26:29.189189188,Medan,S006
O00877,P0184,Books,320.02,6,2020-11-16 10:12:36.756756756,Medan,S016
O00878,P0145,Fashion,30.31,5,2020-11-16 18:58:44.324324324,Surabaya,S034
O00879,P0074,Fashion,132.52,7,2020-11-17 03:44:51.891891892,Bandung,S023
O00880,P0017,Books,34.46,1,2020-11-17 12:30:59.459459460,Surabaya,S042
O00881,P0084,Fashion,303.88,7,2020-11-17 21:17:07.027027028,Bandung,S024
O00882,P0069,Home,344.86,3,2020-11-18 06:03:14.594594592,Surabaya,S049
O00883,P0034,Home,61.67,9,2020-11-18 14:49:22.162162160,Surabaya,S013
O00884,P0006,Fashion,195.0,6,2020-11-18 23:35:29.729729728,Yogyakarta,S018
O00885,P0053,Toys,230.84,9,2020-11-19 08:21:37.297297296,Surabaya,S013
O00886,P0194,Books,187.68,5,2020-11-19 17:07:44.864864864,Medan,S049
O00887,P0126,Home,64.91,7,2020-11-20 01:53:52.432432432,Surabaya,S037
O00888,P0043,Toys,212.38,4,2020-11-20 10:40:00.000000000,Bandung,S043
O00889,P0115,Fashion,376.83,7,2020-11-20 19:26:07.567567568,Surabaya,S039
O00890,P0111,Toys,40.15,1,2020-11-21 04:12:15.135135136,Jakarta,S042
O00891,P0151,Electronics,44.69,7,2020-11-21 12:58:22.702702700,Bandung,S017
O00892,P0183,Home,180.61,8,2020-11-21 21:44:30.270270268,Jakarta,S015
O00893,P0080,Fashion,471.15,5,2020-11-22 06:30:37.837837836,Bandung,S018
O00894,P0095,Books,335.94,2,2020-11-22 15:16:45.405405404,Medan,S023
O00895,P0118,Fashion,340.94,5,2020-11-23 00:02:52.972972972,Medan,S030
O00896,P0144,Books,184.15,6,2020-11-23 08:49:00.540540540,Medan,S034
O00897,P0008,Fashion,298.86,2,2020-11-23 17:35:08.108108108,Jakarta,S004
O00898,P0132,Toys,10.01,6,2020-11-24 02:21:15.675675676,Yogyakarta,S003
O00899,P0104,Toys,319.87,6,2020-11-24 11:07:23.243243244,Bandung,S007
O00900,P0132,Toys,457.08,1,2020-11-24 19:53:30.810810808,Medan,S018
O00901,P0184,Electronics,308.22,1,2020-11-25 04:39:38.378378376,Bandung,S042
O00902,P0025,Books,437.48,3,2020-11-25 13:25:45.945945944,Jakarta,S007
O00903,P0195,Toys,363.37,3,2020-11-25 22:11:53.513513512,Yogyakarta,S040
O00904,P0096,Electronics,64.68,4,2020-11-26 06:58:01.081081080,Jakarta,S006
O00905,P0195,Books,451.71,2,2020-11-26 15:44:08.648648648,Bandung,S022
O00906,P0155,Fashion,37.89,9,2020-11-27 00:30:16.216216216,Yogyakarta,S001
O00907,P0093,Electronics,269.31,7,2020-11-27 09:16:23.783783784,Yogyakarta,S004
O00908,P0160,Home,75.36,7,2020-11-27 18:02:31.351351352,Jakarta,S046
O00909,P0178,Electronics,10.79,6,2020-11-28 02:48:38.918918916,Medan,S049
O00910,P0061,Electronics,213.91,3,2020-11-28 11:34:46.486486484,Bandung,S043
O00911,P0122,Books,151.05,6,2020-11-28 20:20:54.054054052,Surabaya,S029
O00912,P0051,Fashion,245.57,8,2020-11-29 05:07:01.621621620,Surabaya,S021
O00913,P0147,Home,290.71,8,2020-11-29 13:53:09.189189188,Jakarta,S026
O00914,P0021,Toys,26.65,9,2020-11-29 22:39:16.756756756,Bandung,S014
O00915,P0005,Toys,65.89,1,2020-11-30 07:25:24.324324324,Bandung,S009
O00916,P0092,Electronics,281.53,1,2020-11-30 16:11:31.891891892,Jakarta,S047
O00917,P0170,Books,174.87,3,2020-12-01 00:57:39.459459460,Bandung,S012
O00918,P0061,Books,365.94,3,2020-12-01 09:43:47.027027024,Medan,S042
O00919,P0022,Toys,327.88,8,2020-12-01 18:29:54.594594592,Jakarta,S006
O00920,P0149,Home,423.57,1,2020-12-02 03:16:02.162162160,Medan,S020
O00921,P0070,Fashion,347.78,2,2020-12-02 12:02:09.729729728,Bandung,S024
O00922,P0001,Home,217.82,2,2020-12-02 20:48:17.297297296,Jakarta,S027
O00923,P0133,Fashion,338.12,3,2020-12-03 05:34:24.864864864,Bandung,S038
O00924,P0012,Toys,141.31,6,2020-12-03 14:20:32.432432432,Jakarta,S008
O00925,P0090,Fashion,156.63,1,2020-12-03 23:06:40.000000000,Bandung,S001
O00926,P0046,Books,395.55,2,2020-12-04 07:52:47.567567568,Medan,S049
O00927,P0034,Electronics,225.98,1,2020-12-04 16:38:55.135135136,Medan,S049
O00928,P0177,Electronics,400.2,5,2020-12-05 01:25:02.702702700,Bandung,S024
O00929,P0078,Toys,412.1,7,2020-12-05 10:11:10.270270268,Jakarta,S047
O00930,P0045,Books,429.49,8,2020-12-05 18:57:17.837837836,Surabaya,S007
O00931,P0155,Home,458.73,1,2020-12-06 03:43:25.405405404,Medan,S019
O00932,P0073,Books,218.34,7,2020-12-06 12:29:32.972972972,Medan,S022
O00933,P0026,Electronics,162.84,5,2020-12-06 21:15:40.540540540,Surabaya,S035
O00934,P0047,Electronics,293.19,1,2020-12-07 06:01:48.108108108,Bandung,S030
O00935,P0121,Books,188.73,3,2020-12-07 14:47:55.675675676,Jakarta,S029
O00936,P0056,Books,302.53,7,2020-12-07 23:34:03.243243244,Bandung,S022
O00937,P0094,Electronics,354.27,1,2020-12-08 08:20:10.810810808,Yogyakarta,S011
O00938,P0107,Home,345.76,7,2020-12-08 17:06:18.378378376,Medan,S020
O00939,P0063,Toys,190.4,5,2020-12-09 01:52:25.945945944,Yogyakarta,S029
O00940,P0048,Toys,87.6,1,2020-12-09 10:38:33.513513512,Medan,S041
O00941,P0061,Books,218.11,1,2020-12-09 19:24:41.081081080,Medan,S042
O00942,P0081,Toys,75.58,1,2020-12-10 04:10:48.648648648,Yogyakarta,S034
O00943,P0026,Electronics,445.6,9,2020-12-10 12:56:56.216216216,Yogyakarta,S001
O00944,P0036,Electronics,176.21,3,2020-12-10 21:43:03.783783784,Bandung,S031
O00945,P0001,Books,81.46,5,2020-12-11 06:29:11.351351352,Yogyakarta,S030
O00946,P0008,Books,17.6,9,2020-12-11 15:15:18.918918916,Bandung,S048
O00947,P0113,Books,324.68,6,2020-12-12 00:01:26.486486484,Bandung,S018
O00948,P0099,Home,320.27,9,2020-12-12 08:47:34.054054052,Bandung,S017
O00949,P0180,Toys,173.6,8,2020-12-12 17:33:41.621621620,Medan,S038
O00950,P0047,Books,40.5,8,2020-12-13 02:19:49.189189188,Medan,S014
O00951,P0127,Fashion,207.77,1,2020-12-13 11:05:56.756756756,Yogyakarta,S023
O00952,P0056,Fashion,159.05,9,2020-12-13 19:52:04.324324324,Medan,S025
O00953,P0014,Electronics,340.17,6,2020-12-14 04:38:11.891891892,Yogyakarta,S015
O00954,P0028,Toys,304.86,9,2020-12-14 13:24:19.459459460,Medan,S046
O00955,P0078,Books,185.47,3,2020-12-14 22:10:27.027027024,Jakarta,S022
O00956,P0130,Fashion,112.86,3,2020-12-15 06:56:34.594594592,Jakarta,S003
O00957,P0109,Toys,494.08,6,2020-12-15 15:42:42.162162160,Yogyakarta,S019
O00958,P0154,Electronics,229.73,9,2020-12-16 00:28:49.729729728,Medan,S044
O00959,P0014,Home,345.7,7,2020-12-16 09:14:57.297297296,Medan,S034
O00960,P0187,Toys,74.57,3,2020-12-16 18:01:04.864864864,Bandung,S035
O00961,P0056,Toys,245.37,3,2020-12-17 02:47:12.432432432,Surabaya,S001
O00962,P0115,Home,18.63,2,2020-12-17 11:33:20.000000000,Yogyakarta,S021
O00963,P0007,Toys,255.2,9,2020-12-17 20:19:27.567567568,Surabaya,S029
O00964,P0003,Electronics,482.19,3,2020-12-18 05:05:35.135135136,Surabaya,S006
O00965,P0111,Electronics,195.18,5,2020-12-18 13:51:42.702702700,Yogyakarta,S037
O00966,P0151,Home,24.3,9,2020-12-18 22:37:50.270270268,Medan,S001
O00967,P0107,Books,20.32,8,2020-12-19 07:23:57.837837836,Yogyakarta,S001
O00968,P0018,Fashion,197.05,2,2020-12-19 16:10:05.405405404,Surabaya,S027
O00969,P0038,Books,84.21,3,2020-12-20 00:56:12.972972972,Medan,S021
O00970,P0115,Toys,16.56,2,2020-12-20 09:42:20.540540540,Jakarta,S016
O00971,P0015,Fashion,379.33,8,2020-12-20 18:28:28.108108108,Yogyakarta,S044
O00972,P0192,Home,231.97,6,2020-12-21 03:14:35.675675676,Yogyakarta,S040
O00973,P0119,Home,148.18,6,2020-12-21 12:00:43.243243244,Medan,S026
O00974,P0028,Fashion,450.54,9,2020-12-21 20:46:50.810810808,Jakarta,S016
O00975,P0039,Electronics,62.49,8,2020-12-22 05:32:58.378378376,Jakarta,S028
O00976,P0185,Fashion,478.18,4,2020-12-22 14:19:05.945945944,Medan,S001
O00977,P0017,Toys,160.41,4,2020-12-22 23:05:13.513513512,Bandung,S036
O00978,P0086,Electronics,444.76,9,2020-12-23 07:51:21.081081080,Yogyakarta,S010
O00979,P0126,Home,303.46,1,2020-12-23 16:37:28.648648648,Yogyakarta,S043
O00980,P0044,Fashion,414.22,2,2020-12-24 01:23:36.216216216,Surabaya,S017
O00981,P0025,Books,492.09,2,2020-12-24 10:09:43.783783784,Medan,S023
O00982,P0145,Books,147.76,6,2020-12-24 18:55:51.351351352,Surabaya,S007
O00983,P0013,Toys,480.76,4,2020-12-25 03:41:58.918918916,Surabaya,S044
O00984,P0025,Books,197.79,3,2020-12-25 12:28:06.486486484,Jakarta,S007
O00985,P0068,Fashion,195.83,3,2020-12-25 21:14:14.054054052,Yogyakarta,S044
O00986,P0138,Fashion,173.49,3,2020-12-26 06:00:21.621621620,Surabaya,S015
O00987,P0067,Books,273.0,6,2020-12-26 14:46:29.189189188,Jakarta,S034
O00988,P0109,Fashion,81.3,8,2020-12-26 23:32:36.756756756,Medan,S046
O00989,P0146,Toys,279.09,7,2020-12-27 08:18:44.324324324,Surabaya,S045
O00990,P0111,Electronics,273.14,4,2020-12-27 17:04:51.891891892,Yogyakarta,S004
O00991,P0111,Toys,382.14,4,2020-12-28 01:50:59.459459460,Surabaya,S014
O00992,P0034,Toys,417.66,2,2020-12-28 10:37:07.027027024,Medan,S014
O00993,P0111,Fashion,223.02,1,2020-12-28 19:23:14.594594592,Surabaya,S016
O00994,P0008,Electronics,154.65,9,2020-12-29 04:09:22.162162160,Yogyakarta,S007
O00995,P0168,Fashion,133.37,2,2020-12-29 12:55:29.729729728,Jakarta,S032
O00996,P0113,Home,101.34,8,2020-12-29 21:41:37.297297296,Yogyakarta,S019
O00997,P0083,Fashion,33.54,9,2020-12-30 06:27:44.864864864,Jakarta,S002
O00998,P0042,Fashion,174.51,4,2020-12-30 15:13:52.432432432,Bandung,S010
O00999,P0169,Fashion,138.77,8,2020-12-31 00:00:00.000000000,Yogyakarta,S017
